title,company,location,salary,summary,posted,url,source,search_term,scraped_at,job_type,seniority,skills_mentioned,salary_clean
Data Analyst,Ninedots.Io,"Dublin, County Dublin, Ireland",Not specified,,2026-02-26,https://ie.linkedin.com/jobs/view/data-analyst-at-ninedots-io-4375538344?position=1&pageNum=0&refId=ep4KBF4WfS%2FpFGT9ldjd7A%3D%3D&trackingId=ngyng%2FYv24w1FQXBbhmt8A%3D%3D,LinkedIn,data analyst,2026-03-11 23:58:54,Data Analyst,Mid-Level,,Not specified
Data Analyst,Ucc Academy,Cork Metropolitan Area,Not specified,,2026-03-10,https://ie.linkedin.com/jobs/view/data-analyst-at-ucc-academy-4383701980?position=2&pageNum=0&refId=ep4KBF4WfS%2FpFGT9ldjd7A%3D%3D&trackingId=dO%2BWc%2BG0a72Uu4QMbssTMA%3D%3D,LinkedIn,data analyst,2026-03-11 23:58:54,Data Analyst,Mid-Level,,Not specified
Data Analyst,Stripe,"Dublin, County Dublin, Ireland",Not specified,,2026-03-06,https://ie.linkedin.com/jobs/view/data-analyst-at-stripe-4372731111?position=3&pageNum=0&refId=ep4KBF4WfS%2FpFGT9ldjd7A%3D%3D&trackingId=tyOl8yLrwWWsKefJ2PL6ag%3D%3D,LinkedIn,data analyst,2026-03-11 23:58:54,Data Analyst,Mid-Level,,Not specified
Senior Data Analyst,Docusign,"Dublin, County Dublin, Ireland",Not specified,,2026-02-23,https://ie.linkedin.com/jobs/view/senior-data-analyst-at-docusign-4305755206?position=4&pageNum=0&refId=ep4KBF4WfS%2FpFGT9ldjd7A%3D%3D&trackingId=VNI47JxuWy61xYmoXdoWWQ%3D%3D,LinkedIn,data analyst,2026-03-11 23:58:54,Data Analyst,Senior,,Not specified
Data Analyst,Ezo Ev Charging,"Maynooth, County Kildare, Ireland",Not specified,,2026-03-03,https://ie.linkedin.com/jobs/view/data-analyst-at-ezo-ev-charging-4379407493?position=5&pageNum=0&refId=ep4KBF4WfS%2FpFGT9ldjd7A%3D%3D&trackingId=h7%2B35ZMMS7EEuF5GO53HgQ%3D%3D,LinkedIn,data analyst,2026-03-11 23:58:54,Data Analyst,Mid-Level,,Not specified
Data Analyst,Mcs Group | Your Specialist Recruitment Consultancy,"Dublin, County Dublin, Ireland",Not specified,,2026-03-09,https://ie.linkedin.com/jobs/view/data-analyst-at-mcs-group-your-specialist-recruitment-consultancy-4383309934?position=6&pageNum=0&refId=ep4KBF4WfS%2FpFGT9ldjd7A%3D%3D&trackingId=7etkgxTK7PYUINEPItM5PQ%3D%3D,LinkedIn,data analyst,2026-03-11 23:58:54,Data Analyst,Mid-Level,,Not specified
Data Analyst,Talentspot Recruitment,"Dublin, County Dublin, Ireland",Not specified,,2026-03-10,https://ie.linkedin.com/jobs/view/data-analyst-at-talentspot-recruitment-4381601178?position=7&pageNum=0&refId=ep4KBF4WfS%2FpFGT9ldjd7A%3D%3D&trackingId=Wl9p67wZywLH5GRBQwJe2A%3D%3D,LinkedIn,data analyst,2026-03-11 23:58:54,Data Analyst,Mid-Level,,Not specified
Senior Data Analyst,Fruition Group Ireland,"Dublin, County Dublin, Ireland",Not specified,,2026-03-09,https://ie.linkedin.com/jobs/view/senior-data-analyst-at-fruition-group-ireland-4381590044?position=8&pageNum=0&refId=ep4KBF4WfS%2FpFGT9ldjd7A%3D%3D&trackingId=Qd42zSE91sg%2B91g4P0l9Vw%3D%3D,LinkedIn,data analyst,2026-03-11 23:58:54,Data Analyst,Senior,,Not specified
Data Analyst,Icims,"Dublin 2, County Dublin, Ireland",Not specified,,2026-02-24,https://ie.linkedin.com/jobs/view/data-analyst-at-icims-4368203035?position=9&pageNum=0&refId=ep4KBF4WfS%2FpFGT9ldjd7A%3D%3D&trackingId=oDVG22HfyvksPDU5YzaTxQ%3D%3D,LinkedIn,data analyst,2026-03-11 23:58:54,Data Analyst,Mid-Level,,Not specified
Reporting Analyst,Strive Search,Galway Metropolitan Area,Not specified,,2026-03-02,https://ie.linkedin.com/jobs/view/reporting-analyst-at-strive-search-4378823772?position=10&pageNum=0&refId=ep4KBF4WfS%2FpFGT9ldjd7A%3D%3D&trackingId=1zEjcpuCifht7bRaEBJwCg%3D%3D,LinkedIn,data analyst,2026-03-11 23:58:54,Data Analyst,Mid-Level,,Not specified
Data Analyst,Paysafe,"Dublin, County Dublin, Ireland",Not specified,,2026-02-18,https://ie.linkedin.com/jobs/view/data-analyst-at-paysafe-4373378384?position=11&pageNum=0&refId=ep4KBF4WfS%2FpFGT9ldjd7A%3D%3D&trackingId=iNWCRwmELsqTrBUnXkxd1g%3D%3D,LinkedIn,data analyst,2026-03-11 23:58:54,Data Analyst,Mid-Level,,Not specified
"Senior Product Analyst, Growth",Tines,Greater Dublin,Not specified,,2026-03-10,https://ie.linkedin.com/jobs/view/senior-product-analyst-growth-at-tines-4383725316?position=12&pageNum=0&refId=ep4KBF4WfS%2FpFGT9ldjd7A%3D%3D&trackingId=0dQa5g%2BlRTOl7ThpJqSaZA%3D%3D,LinkedIn,data analyst,2026-03-11 23:58:54,Data Analyst,Senior,,Not specified
Data Control Analyst,The Panel,"Dublin, County Dublin, Ireland",Not specified,,2026-02-16,https://ie.linkedin.com/jobs/view/data-control-analyst-at-the-panel-4373564522?position=13&pageNum=0&refId=ep4KBF4WfS%2FpFGT9ldjd7A%3D%3D&trackingId=ok%2FWa7UTJfjjeCdu8TiHYg%3D%3D,LinkedIn,data analyst,2026-03-11 23:58:54,Data Analyst,Mid-Level,,Not specified
Senior Data Analyst,Morgan Mckinley,"Cork, County Cork, Ireland",Not specified,,2026-03-09,https://ie.linkedin.com/jobs/view/senior-data-analyst-at-morgan-mckinley-4381842978?position=14&pageNum=0&refId=ep4KBF4WfS%2FpFGT9ldjd7A%3D%3D&trackingId=o9BzgW54vWnWBPbH4PoqJQ%3D%3D,LinkedIn,data analyst,2026-03-11 23:58:54,Data Analyst,Senior,,Not specified
Data Analytics Support,Pfizer,"Dublin, County Dublin, Ireland",Not specified,,2026-03-05,https://ie.linkedin.com/jobs/view/data-analytics-support-at-pfizer-4381425556?position=15&pageNum=0&refId=ep4KBF4WfS%2FpFGT9ldjd7A%3D%3D&trackingId=1i5IKrCvsqqiyXVnCIGCEg%3D%3D,LinkedIn,data analyst,2026-03-11 23:58:54,Other,Mid-Level,,Not specified
Business Insights Lead,An Post,"Dublin, County Dublin, Ireland",Not specified,,2026-03-04,https://ie.linkedin.com/jobs/view/business-insights-lead-at-an-post-4380909809?position=16&pageNum=0&refId=ep4KBF4WfS%2FpFGT9ldjd7A%3D%3D&trackingId=%2BmONI4gnVYMsFXdx4siufA%3D%3D,LinkedIn,data analyst,2026-03-11 23:58:54,Other,Senior,,Not specified
Data Operations Analyst,Onebridge,"Dublin, County Dublin, Ireland",Not specified,,2026-03-03,https://ie.linkedin.com/jobs/view/data-operations-analyst-at-onebridge-4380380033?position=17&pageNum=0&refId=ep4KBF4WfS%2FpFGT9ldjd7A%3D%3D&trackingId=DU6kshyk1XbRNP5mahuhtg%3D%3D,LinkedIn,data analyst,2026-03-11 23:58:54,Data Analyst,Mid-Level,,Not specified
Data Engineer/Analyst,Designer Group,"Dublin, County Dublin, Ireland",Not specified,,2026-02-20,https://ie.linkedin.com/jobs/view/data-engineer-analyst-at-designer-group-4375815817?position=18&pageNum=0&refId=ep4KBF4WfS%2FpFGT9ldjd7A%3D%3D&trackingId=F30AXj0C0lN597AECqjqog%3D%3D,LinkedIn,data analyst,2026-03-11 23:58:54,Data Engineer,Mid-Level,,Not specified
Fp&A Data Analyst,Toshiba Global Commerce Solutions,"County Dublin, Ireland",Not specified,,2026-02-23,https://ie.linkedin.com/jobs/view/fp-a-data-analyst-at-toshiba-global-commerce-solutions-4377043093?position=19&pageNum=0&refId=ep4KBF4WfS%2FpFGT9ldjd7A%3D%3D&trackingId=pe%2BxbSlWVg3uUw7FCtsC1Q%3D%3D,LinkedIn,data analyst,2026-03-11 23:58:54,Data Analyst,Mid-Level,,Not specified
Data Analyst - Manufacturing,Atrium (Emea),"Dublin, County Dublin, Ireland",Not specified,,2026-03-06,https://ie.linkedin.com/jobs/view/data-analyst-manufacturing-at-atrium-emea-4382123705?position=20&pageNum=0&refId=ep4KBF4WfS%2FpFGT9ldjd7A%3D%3D&trackingId=%2FDw3cKUFcc5ORaXj7HTJng%3D%3D,LinkedIn,data analyst,2026-03-11 23:58:54,Data Analyst,Mid-Level,,Not specified
Data Analyst,Pm Group,"Dublin, County Dublin, Ireland",Not specified,,2026-03-04,https://ie.linkedin.com/jobs/view/data-analyst-at-pm-group-4378960399?position=21&pageNum=0&refId=ep4KBF4WfS%2FpFGT9ldjd7A%3D%3D&trackingId=S%2F90u6N3aqNnXbdn8lWLEg%3D%3D,LinkedIn,data analyst,2026-03-11 23:58:54,Data Analyst,Mid-Level,,Not specified
Commercial Data Analyst,Realtime Recruitment,"Cork, County Cork, Ireland",Not specified,,2026-02-18,https://ie.linkedin.com/jobs/view/commercial-data-analyst-at-realtime-recruitment-4374784213?position=22&pageNum=0&refId=ep4KBF4WfS%2FpFGT9ldjd7A%3D%3D&trackingId=PrOXQbqPvV7%2BWSSKbJa33g%3D%3D,LinkedIn,data analyst,2026-03-11 23:58:54,Data Analyst,Mid-Level,,Not specified
Data Governance Analyst,Cantor Fitzgerald Ireland,"Dublin, County Dublin, Ireland",Not specified,,2026-03-09,https://ie.linkedin.com/jobs/view/data-governance-analyst-at-cantor-fitzgerald-ireland-4381848798?position=23&pageNum=0&refId=ep4KBF4WfS%2FpFGT9ldjd7A%3D%3D&trackingId=HYlAoj%2FrMfL9A5Zu%2B2VoMA%3D%3D,LinkedIn,data analyst,2026-03-11 23:58:54,Data Analyst,Mid-Level,,Not specified
Data Analyst,Ardonagh Analytics Lab,"Mullingar, County Westmeath, Ireland",Not specified,,2026-03-11,https://ie.linkedin.com/jobs/view/data-analyst-at-ardonagh-analytics-lab-4382712067?position=24&pageNum=0&refId=ep4KBF4WfS%2FpFGT9ldjd7A%3D%3D&trackingId=kuOR6nlgJV6kReFsTwrq8g%3D%3D,LinkedIn,data analyst,2026-03-11 23:58:54,Data Analyst,Mid-Level,,Not specified
Business Data Analyst 12Month Contract,Vantage,"Dublin, County Dublin, Ireland",Not specified,,2026-03-03,https://ie.linkedin.com/jobs/view/business-data-analyst-12month-contract-at-vantage-4380192707?position=25&pageNum=0&refId=ep4KBF4WfS%2FpFGT9ldjd7A%3D%3D&trackingId=j6jYGhR8N1qD9B0fk2rQxg%3D%3D,LinkedIn,data analyst,2026-03-11 23:58:54,Data Analyst,Mid-Level,,Not specified
Business And Data Analyst Graduate,Partnerre,"Dublin, County Dublin, Ireland",Not specified,,2026-03-06,https://ie.linkedin.com/jobs/view/business-and-data-analyst-graduate-at-partnerre-4371558976?position=27&pageNum=0&refId=ep4KBF4WfS%2FpFGT9ldjd7A%3D%3D&trackingId=z%2FzIrwoeMNHMBkuS9iuz%2Fg%3D%3D,LinkedIn,data analyst,2026-03-11 23:58:54,Internship / Graduate,Junior / Entry,,Not specified
Business Modeller,Kpmg Ireland,"Dublin, County Dublin, Ireland",Not specified,,2026-03-11,https://ie.linkedin.com/jobs/view/business-modeller-at-kpmg-ireland-4288961389?position=28&pageNum=0&refId=ep4KBF4WfS%2FpFGT9ldjd7A%3D%3D&trackingId=0%2FajKvuEDUJBED3QiA9y4g%3D%3D,LinkedIn,data analyst,2026-03-11 23:58:54,Other,Mid-Level,,Not specified
"Data Analyst, Smp Product",Fidelity Investments,"Dublin, County Dublin, Ireland",Not specified,,2026-02-19,https://ie.linkedin.com/jobs/view/data-analyst-smp-product-at-fidelity-investments-4342858228?position=29&pageNum=0&refId=ep4KBF4WfS%2FpFGT9ldjd7A%3D%3D&trackingId=dvIoVoZn86Izwa4j%2F3IOYA%3D%3D,LinkedIn,data analyst,2026-03-11 23:58:54,Data Analyst,Mid-Level,,Not specified
Data Analyst,Analog Devices,"Limerick, County Limerick, Ireland",Not specified,,2026-02-24,https://ie.linkedin.com/jobs/view/data-analyst-at-analog-devices-4374803917?position=30&pageNum=0&refId=ep4KBF4WfS%2FpFGT9ldjd7A%3D%3D&trackingId=ksOp6zjrEW3UD%2B1VYR%2FwfA%3D%3D,LinkedIn,data analyst,2026-03-11 23:58:54,Data Analyst,Mid-Level,,Not specified
Data Strategy Associate - Leading Multi-Strategy Hedge Fund - Dublin,Mondrian Alpha,"Dublin, County Dublin, Ireland",Not specified,,2026-03-06,https://ie.linkedin.com/jobs/view/data-strategy-associate-leading-multi-strategy-hedge-fund-dublin-at-mondrian-alpha-4375235857?position=31&pageNum=0&refId=ep4KBF4WfS%2FpFGT9ldjd7A%3D%3D&trackingId=0rN5zQUAIXTtInEmJ5AVqg%3D%3D,LinkedIn,data analyst,2026-03-11 23:58:54,Other,Senior,,Not specified
Business Intelligence & Analytics Analyst,Datavant Ireland,Galway Metropolitan Area,Not specified,,2026-02-22,https://ie.linkedin.com/jobs/view/business-intelligence-analytics-analyst-at-datavant-ireland-4345492787?position=32&pageNum=0&refId=ep4KBF4WfS%2FpFGT9ldjd7A%3D%3D&trackingId=eZXOGbvZKncGlTstgG5FFg%3D%3D,LinkedIn,data analyst,2026-03-11 23:58:54,BI / Visualisation,Mid-Level,,Not specified
Senior Data Analyst,Hubspot,Ireland,Not specified,,2026-02-19,https://ie.linkedin.com/jobs/view/senior-data-analyst-at-hubspot-4375478299?position=33&pageNum=0&refId=ep4KBF4WfS%2FpFGT9ldjd7A%3D%3D&trackingId=XB3ctyEBmFTsFp1KE8mBPA%3D%3D,LinkedIn,data analyst,2026-03-11 23:58:54,Data Analyst,Senior,,Not specified
Data Analyst (Supply Chain),Arista Networks,"Shannon, County Clare, Ireland",Not specified,,2025-06-17,https://ie.linkedin.com/jobs/view/data-analyst-supply-chain-at-arista-networks-4249361876?position=34&pageNum=0&refId=ep4KBF4WfS%2FpFGT9ldjd7A%3D%3D&trackingId=ExoegcZvBhV%2BaatGBv4kAg%3D%3D,LinkedIn,data analyst,2026-03-11 23:58:54,Data Analyst,Mid-Level,,Not specified
Senior Powerbi Specialist,Fruition Group Ireland,"Dublin, County Dublin, Ireland",Not specified,,2026-03-11,https://ie.linkedin.com/jobs/view/senior-powerbi-specialist-at-fruition-group-ireland-4382864554?position=35&pageNum=0&refId=ep4KBF4WfS%2FpFGT9ldjd7A%3D%3D&trackingId=iDCuO1Wp9%2B9lawSjh%2FJ9Sg%3D%3D,LinkedIn,data analyst,2026-03-11 23:58:54,BI / Visualisation,Senior,,Not specified
Commercial Data Analyst,Ryanair - Europe'S Favourite Airline,"Dublin, County Dublin, Ireland",Not specified,,2026-03-02,https://ie.linkedin.com/jobs/view/commercial-data-analyst-at-ryanair-europe-s-favourite-airline-4378882708?position=36&pageNum=0&refId=ep4KBF4WfS%2FpFGT9ldjd7A%3D%3D&trackingId=o5odNt7qp867SHxKxhhagA%3D%3D,LinkedIn,data analyst,2026-03-11 23:58:54,Data Analyst,Mid-Level,,Not specified
Business Data Analyst,Exl,"Dublin, County Dublin, Ireland",Not specified,,2026-02-26,https://ie.linkedin.com/jobs/view/business-data-analyst-at-exl-4375532832?position=37&pageNum=0&refId=ep4KBF4WfS%2FpFGT9ldjd7A%3D%3D&trackingId=9bMELuZdIkX4Ax283HhzsA%3D%3D,LinkedIn,data analyst,2026-03-11 23:58:54,Data Analyst,Mid-Level,,Not specified
Senior Data Insights Analyst,Citi,"Dublin, County Dublin, Ireland",Not specified,,2026-03-10,https://ie.linkedin.com/jobs/view/senior-data-insights-analyst-at-citi-4382477534?position=38&pageNum=0&refId=ep4KBF4WfS%2FpFGT9ldjd7A%3D%3D&trackingId=zEEX8LyH50p4ROUyOPieCQ%3D%3D,LinkedIn,data analyst,2026-03-11 23:58:54,Data Analyst,Senior,,Not specified
Customer Insights Analyst – Performance,Cartrawler,"Dublin, County Dublin, Ireland",Not specified,,2026-01-30,https://ie.linkedin.com/jobs/view/customer-insights-analyst-%E2%80%93-performance-at-cartrawler-4367428464?position=39&pageNum=0&refId=ep4KBF4WfS%2FpFGT9ldjd7A%3D%3D&trackingId=lWF7AeL5hWbkU98XGZi76A%3D%3D,LinkedIn,data analyst,2026-03-11 23:58:54,Data Analyst,Mid-Level,,Not specified
Associate Business Intelligence Analyst,Medmodus,"Dublin, County Dublin, Ireland",Not specified,,2026-03-10,https://ie.linkedin.com/jobs/view/associate-business-intelligence-analyst-at-medmodus-4381725138?position=40&pageNum=0&refId=ep4KBF4WfS%2FpFGT9ldjd7A%3D%3D&trackingId=BJQzpXdeuSXCXdA2VrGViw%3D%3D,LinkedIn,data analyst,2026-03-11 23:58:54,BI / Visualisation,Mid-Level,,Not specified
"Data Governance Analyst (Ireland, Remote)",The Institute For Study Abroad,Ireland,Not specified,,2026-01-13,https://ie.linkedin.com/jobs/view/data-governance-analyst-ireland-remote-at-the-institute-for-study-abroad-4345168998?position=41&pageNum=0&refId=ep4KBF4WfS%2FpFGT9ldjd7A%3D%3D&trackingId=au0ia9jDrHD7lbHdyPzMCQ%3D%3D,LinkedIn,data analyst,2026-03-11 23:58:54,Data Analyst,Mid-Level,,Not specified
Finance Systems & Data Analyst,Cartrawler,"Dublin, County Dublin, Ireland",Not specified,,2026-02-26,https://ie.linkedin.com/jobs/view/finance-systems-data-analyst-at-cartrawler-4378384352?position=42&pageNum=0&refId=ep4KBF4WfS%2FpFGT9ldjd7A%3D%3D&trackingId=zfWU6wfyFNLjmDjLSg50aw%3D%3D,LinkedIn,data analyst,2026-03-11 23:58:54,Data Analyst,Mid-Level,,Not specified
"Senior Data Analyst, Onboarding",Deel,Ireland,Not specified,,2026-03-08,https://ie.linkedin.com/jobs/view/senior-data-analyst-onboarding-at-deel-4330031560?position=43&pageNum=0&refId=ep4KBF4WfS%2FpFGT9ldjd7A%3D%3D&trackingId=yPodSK352ZOOtZrM9dXE1w%3D%3D,LinkedIn,data analyst,2026-03-11 23:58:54,Data Analyst,Senior,,Not specified
Vodafone Ireland Data Science & Analytics Discover Graduate Programme 2026,Vodafone,"Dublin, County Dublin, Ireland",Not specified,,2026-03-04,https://ie.linkedin.com/jobs/view/vodafone-ireland-data-science-analytics-discover-graduate-programme-2026-at-vodafone-4377739438?position=44&pageNum=0&refId=ep4KBF4WfS%2FpFGT9ldjd7A%3D%3D&trackingId=%2BwJfxxpdvfQejZK%2Bu79XhQ%3D%3D,LinkedIn,data analyst,2026-03-11 23:58:54,Internship / Graduate,Junior / Entry,,Not specified
Finance Data Analyst – Purchase To Pay,Eli Lilly And Company,"Cork, County Cork, Ireland",Not specified,,2026-02-20,https://ie.linkedin.com/jobs/view/finance-data-analyst-%E2%80%93-purchase-to-pay-at-eli-lilly-and-company-4339196937?position=45&pageNum=0&refId=ep4KBF4WfS%2FpFGT9ldjd7A%3D%3D&trackingId=rP4zveNdpf%2FTyKx2c2vo5w%3D%3D,LinkedIn,data analyst,2026-03-11 23:58:54,Data Analyst,Mid-Level,,Not specified
Lead Data Scientist,Ninedots.Io,"Dublin, County Dublin, Ireland",Not specified,,2026-02-16,https://ie.linkedin.com/jobs/view/lead-data-scientist-at-ninedots-io-4364784584?position=46&pageNum=0&refId=ep4KBF4WfS%2FpFGT9ldjd7A%3D%3D&trackingId=knPD0wISvAXcEhTGQ32SxQ%3D%3D,LinkedIn,data analyst,2026-03-11 23:58:54,Data Scientist,Senior,,Not specified
Snowflake Data Analyst (Contract),Fruition Group Ireland,"Dublin, County Dublin, Ireland",Not specified,,2026-03-09,https://ie.linkedin.com/jobs/view/snowflake-data-analyst-contract-at-fruition-group-ireland-4381573533?position=47&pageNum=0&refId=ep4KBF4WfS%2FpFGT9ldjd7A%3D%3D&trackingId=Eytqrkx3zIjVmdIVnnoAoA%3D%3D,LinkedIn,data analyst,2026-03-11 23:58:54,Data Analyst,Mid-Level,,Not specified
Data Collectors - Iphone Users,Datavio.Ai,Ireland,Not specified,,2025-05-26,https://ie.linkedin.com/jobs/view/data-collectors-iphone-users-at-datavio-ai-4161539373?position=48&pageNum=0&refId=ep4KBF4WfS%2FpFGT9ldjd7A%3D%3D&trackingId=lIV8ZSwTdt0C26dbQIMXuA%3D%3D,LinkedIn,data analyst,2026-03-11 23:58:54,Other,Mid-Level,,Not specified
Data Analyst – Trading,Musgrave,"Cork, County Cork, Ireland",Not specified,,2026-03-10,https://ie.linkedin.com/jobs/view/data-analyst-%E2%80%93-trading-at-musgrave-4383818410?position=49&pageNum=0&refId=ep4KBF4WfS%2FpFGT9ldjd7A%3D%3D&trackingId=Q7arjAdr83JIuIRVhJ1pow%3D%3D,LinkedIn,data analyst,2026-03-11 23:58:54,Data Analyst,Mid-Level,,Not specified
Technology Data Analyst - Summer Intern,U.S. Bank,"Dublin, County Dublin, Ireland",Not specified,,2026-03-10,https://ie.linkedin.com/jobs/view/technology-data-analyst-summer-intern-at-u-s-bank-4383813542?position=50&pageNum=0&refId=ep4KBF4WfS%2FpFGT9ldjd7A%3D%3D&trackingId=q3UvIX1hgTf63vZm2hLHMg%3D%3D,LinkedIn,data analyst,2026-03-11 23:58:54,Internship / Graduate,Junior / Entry,,Not specified
Data Analyst (0 Experience Required),Peroptyx,Ireland,Not specified,,2026-03-11,https://ie.linkedin.com/jobs/view/data-analyst-0-experience-required-at-peroptyx-4382991732?position=51&pageNum=0&refId=ep4KBF4WfS%2FpFGT9ldjd7A%3D%3D&trackingId=wmiVbOtcmZnXrdbZds5g8g%3D%3D,LinkedIn,data analyst,2026-03-11 23:58:54,Data Analyst,Mid-Level,,Not specified
Data Modeler/Analyst,Atrium (Emea),"Dublin, County Dublin, Ireland",Not specified,,2026-03-03,https://ie.linkedin.com/jobs/view/data-modeler-analyst-at-atrium-emea-4380369280?position=53&pageNum=0&refId=ep4KBF4WfS%2FpFGT9ldjd7A%3D%3D&trackingId=UE4SQyKqHGQq6OWC0wLGVA%3D%3D,LinkedIn,data analyst,2026-03-11 23:58:54,Data Analyst,Mid-Level,,Not specified
Data Modeler,Brightwater Recruitment,"Dublin, County Dublin, Ireland",Not specified,,2026-02-10,https://ie.linkedin.com/jobs/view/data-modeler-at-brightwater-recruitment-4371029504?position=54&pageNum=0&refId=ep4KBF4WfS%2FpFGT9ldjd7A%3D%3D&trackingId=5K47x%2FbnuXWU7zd3CkUsXQ%3D%3D,LinkedIn,data analyst,2026-03-11 23:58:54,Other,Mid-Level,,Not specified
Data Collector (Ireland),Humansignal,"Dublin, County Dublin, Ireland",Not specified,,2026-01-17,https://ie.linkedin.com/jobs/view/data-collector-ireland-at-humansignal-4364027647?position=55&pageNum=0&refId=ep4KBF4WfS%2FpFGT9ldjd7A%3D%3D&trackingId=4u%2FvfovivySjkeQcy4Hkog%3D%3D,LinkedIn,data analyst,2026-03-11 23:58:54,Other,Mid-Level,,Not specified
"Principal Data Analyst - Pharmacy Analytics,",Optum,"Dublin, County Dublin, Ireland",Not specified,,2026-03-03,https://ie.linkedin.com/jobs/view/principal-data-analyst-pharmacy-analytics-at-optum-4375996475?position=56&pageNum=0&refId=ep4KBF4WfS%2FpFGT9ldjd7A%3D%3D&trackingId=RIW0XaPkUyrl0xp%2FcRe23Q%3D%3D,LinkedIn,data analyst,2026-03-11 23:58:54,Data Analyst,Senior,,Not specified
Publisher Intelligence Analyst,Google,"Dublin, County Dublin, Ireland",Not specified,,2026-02-26,https://ie.linkedin.com/jobs/view/publisher-intelligence-analyst-at-google-4376926125?position=57&pageNum=0&refId=ep4KBF4WfS%2FpFGT9ldjd7A%3D%3D&trackingId=p7Vp7998x8D%2BsvB4YGncUQ%3D%3D,LinkedIn,data analyst,2026-03-11 23:58:54,Data Analyst,Mid-Level,,Not specified
Investment Data Analyst,Vanguard,"Dublin, County Dublin, Ireland",Not specified,,2026-03-03,https://ie.linkedin.com/jobs/view/investment-data-analyst-at-vanguard-4380339249?position=58&pageNum=0&refId=ep4KBF4WfS%2FpFGT9ldjd7A%3D%3D&trackingId=rMt6ENHyyK%2FNJko%2FJixYlg%3D%3D,LinkedIn,data analyst,2026-03-11 23:58:54,Data Analyst,Mid-Level,,Not specified
Data Security Analyst,Elwood Roberts - Your Trusted Recruitment Partner,"Dublin, County Dublin, Ireland",Not specified,,2026-03-02,https://ie.linkedin.com/jobs/view/data-security-analyst-at-elwood-roberts-your-trusted-recruitment-partner-4378767700?position=59&pageNum=0&refId=ep4KBF4WfS%2FpFGT9ldjd7A%3D%3D&trackingId=E%2BX%2Fq%2Feg7ClQKZ0ynZXnPQ%3D%3D,LinkedIn,data analyst,2026-03-11 23:58:54,Data Analyst,Mid-Level,,Not specified
Quantitative Researcher – Mid-Frequency Strategies,Whistler Trading,"Dublin, County Dublin, Ireland",Not specified,,2025-10-21,https://ie.linkedin.com/jobs/view/quantitative-researcher-%E2%80%93-mid-frequency-strategies-at-whistler-trading-4317818640?position=60&pageNum=0&refId=ep4KBF4WfS%2FpFGT9ldjd7A%3D%3D&trackingId=9ukZCgUOQW%2FzVQEduOMyIA%3D%3D,LinkedIn,data analyst,2026-03-11 23:58:54,Other,Mid-Level,,Not specified
Machine Learning Engineer (Freelance),Mindrift,Ireland,Not specified,,2026-03-10,https://ie.linkedin.com/jobs/view/machine-learning-engineer-freelance-at-mindrift-4383704511?position=1&pageNum=0&refId=j55vrSCwoNZsp4Dg9jYBZA%3D%3D&trackingId=%2BsKCLzZ%2BR0rOp6KOQj9u3g%3D%3D,LinkedIn,data scientist,2026-03-12 00:00:07,Data Engineer,Mid-Level,,Not specified
Machine Learning Engineer,Docusign,"Dublin, County Dublin, Ireland",Not specified,,2026-02-26,https://ie.linkedin.com/jobs/view/machine-learning-engineer-at-docusign-4377613583?position=2&pageNum=0&refId=j55vrSCwoNZsp4Dg9jYBZA%3D%3D&trackingId=dceB5UiIUpA6PaHkggHNMg%3D%3D,LinkedIn,data scientist,2026-03-12 00:00:07,Data Engineer,Mid-Level,,Not specified
Data Scientist (Python & Sql) - Freelance Ai Trainer,Mindrift,Ireland,Not specified,,2026-03-09,https://ie.linkedin.com/jobs/view/data-scientist-python-sql-freelance-ai-trainer-at-mindrift-4382978184?position=5&pageNum=0&refId=j55vrSCwoNZsp4Dg9jYBZA%3D%3D&trackingId=cjNUvuSRShC1vfX2BPRBSA%3D%3D,LinkedIn,data scientist,2026-03-12 00:00:07,Data Scientist,Mid-Level,,Not specified
Data Scientist,It Search,Ireland,Not specified,,2026-02-13,https://ie.linkedin.com/jobs/view/data-scientist-at-it-search-4372732194?position=6&pageNum=0&refId=j55vrSCwoNZsp4Dg9jYBZA%3D%3D&trackingId=gtIABoSD62qoS6paxuHICg%3D%3D,LinkedIn,data scientist,2026-03-12 00:00:07,Data Scientist,Mid-Level,,Not specified
Senior Machine Learning Engineer,Linkedin,"Dublin, County Dublin, Ireland",Not specified,,2026-03-02,https://ie.linkedin.com/jobs/view/senior-machine-learning-engineer-at-linkedin-4378814575?position=7&pageNum=0&refId=j55vrSCwoNZsp4Dg9jYBZA%3D%3D&trackingId=V68i8gaGG%2FXBc0ukKbaA8w%3D%3D,LinkedIn,data scientist,2026-03-12 00:00:07,Data Engineer,Senior,,Not specified
Ui Path,Ampstek,"Cork, County Cork, Ireland",Not specified,,2026-03-10,https://ie.linkedin.com/jobs/view/ui-path-at-ampstek-4382289163?position=8&pageNum=0&refId=j55vrSCwoNZsp4Dg9jYBZA%3D%3D&trackingId=VulKgRwvUmuZLrk8%2B1kM0Q%3D%3D,LinkedIn,data scientist,2026-03-12 00:00:07,Other,Mid-Level,,Not specified
Machine Learning Engineer,Urbanfox,Greater Dublin,Not specified,,2026-03-02,https://ie.linkedin.com/jobs/view/machine-learning-engineer-at-urbanfox-4379933227?position=9&pageNum=0&refId=j55vrSCwoNZsp4Dg9jYBZA%3D%3D&trackingId=cw8A06xiKzUDOOVD7pSzGg%3D%3D,LinkedIn,data scientist,2026-03-12 00:00:07,Data Engineer,Mid-Level,,Not specified
Data Scientist,Morgan Mckinley,"Cork, County Cork, Ireland",Not specified,,2026-03-09,https://ie.linkedin.com/jobs/view/data-scientist-at-morgan-mckinley-4381578978?position=10&pageNum=0&refId=j55vrSCwoNZsp4Dg9jYBZA%3D%3D&trackingId=J8KQ42clc%2BbJ1w16P7ATqQ%3D%3D,LinkedIn,data scientist,2026-03-12 00:00:07,Data Scientist,Mid-Level,,Not specified
Software Engineer (Frontend),Revolut,Greater Dublin,Not specified,,2026-02-24,https://ie.linkedin.com/jobs/view/software-engineer-frontend-at-revolut-4321720168?position=11&pageNum=0&refId=j55vrSCwoNZsp4Dg9jYBZA%3D%3D&trackingId=Mf8qW44p%2FIS1JIfJQO3ZBA%3D%3D,LinkedIn,data scientist,2026-03-12 00:00:07,Data Engineer,Mid-Level,,Not specified
Ai Research Scientist,"Athis Technologies, Ltd","Dublin, County Dublin, Ireland",Not specified,,2026-03-08,https://ie.linkedin.com/jobs/view/ai-research-scientist-at-athis-technologies-ltd-4381511292?position=13&pageNum=0&refId=j55vrSCwoNZsp4Dg9jYBZA%3D%3D&trackingId=pOYlm3p32rGwQNNIrelrNg%3D%3D,LinkedIn,data scientist,2026-03-12 00:00:07,Data Scientist,Mid-Level,,Not specified
Machine Learning Engineer,Sony Interactive Entertainment,"Dublin, County Dublin, Ireland",Not specified,,2026-02-27,https://ie.linkedin.com/jobs/view/machine-learning-engineer-at-sony-interactive-entertainment-4359585812?position=14&pageNum=0&refId=j55vrSCwoNZsp4Dg9jYBZA%3D%3D&trackingId=RGqHH43VJWwl5WNi%2BJ1JWQ%3D%3D,LinkedIn,data scientist,2026-03-12 00:00:07,Data Engineer,Mid-Level,,Not specified
Data Scientist – Ai/Ml For Financial Services,Methodius It Recruitment,"County Donegal, Ireland",Not specified,,2026-03-11,https://ie.linkedin.com/jobs/view/data-scientist-%E2%80%93-ai-ml-for-financial-services-at-methodius-it-recruitment-4380313574?position=15&pageNum=0&refId=j55vrSCwoNZsp4Dg9jYBZA%3D%3D&trackingId=D5tos3WWub%2B5eJ%2BghA7eqg%3D%3D,LinkedIn,data scientist,2026-03-12 00:00:07,Data Scientist,Mid-Level,,Not specified
Artificial Intelligence Engineer,Archer Recruitment,"Dublin, County Dublin, Ireland",Not specified,,2026-03-04,https://ie.linkedin.com/jobs/view/artificial-intelligence-engineer-at-archer-recruitment-4380956540?position=16&pageNum=0&refId=j55vrSCwoNZsp4Dg9jYBZA%3D%3D&trackingId=L2%2B39wVYMC8yvQGHTlCBbQ%3D%3D,LinkedIn,data scientist,2026-03-12 00:00:07,Data Engineer,Mid-Level,,Not specified
Data Scientist,Fanatics,"County Dublin, Ireland",Not specified,,2026-03-02,https://ie.linkedin.com/jobs/view/data-scientist-at-fanatics-4377789854?position=17&pageNum=0&refId=j55vrSCwoNZsp4Dg9jYBZA%3D%3D&trackingId=ra7Bt69oo49HbOGDIJN7qA%3D%3D,LinkedIn,data scientist,2026-03-12 00:00:07,Data Scientist,Mid-Level,,Not specified
Senior Machine Learning Engineer,Docusign,"Dublin, County Dublin, Ireland",Not specified,,2026-02-27,https://ie.linkedin.com/jobs/view/senior-machine-learning-engineer-at-docusign-4377925914?position=18&pageNum=0&refId=j55vrSCwoNZsp4Dg9jYBZA%3D%3D&trackingId=HUk%2Fw2I0D0kuTdACT5uOaw%3D%3D,LinkedIn,data scientist,2026-03-12 00:00:07,Data Engineer,Senior,,Not specified
Data Scientist (M/F/D),Sosafe,Ireland,Not specified,,2026-02-20,https://ie.linkedin.com/jobs/view/data-scientist-m-f-d-at-sosafe-4367187329?position=19&pageNum=0&refId=j55vrSCwoNZsp4Dg9jYBZA%3D%3D&trackingId=0IGfin8jHxmMkwrWUx%2Bv8w%3D%3D,LinkedIn,data scientist,2026-03-12 00:00:07,Data Scientist,Mid-Level,,Not specified
Ai Data Scientist,Teleflex,"County Westmeath, Ireland",Not specified,,2026-03-03,https://ie.linkedin.com/jobs/view/ai-data-scientist-at-teleflex-4380150645?position=20&pageNum=0&refId=j55vrSCwoNZsp4Dg9jYBZA%3D%3D&trackingId=OCqK7IgkS4IBsB11N4R%2Flg%3D%3D,LinkedIn,data scientist,2026-03-12 00:00:07,Data Scientist,Mid-Level,,Not specified
Wrgp Data Scientist ( X 12 Positions) Competition # 017836,Ucd School Of Computer Science,"Dublin 4, County Dublin, Ireland",Not specified,,2025-12-12,https://ie.linkedin.com/jobs/view/wrgp-data-scientist-x-12-positions-competition-%23-017836-at-ucd-school-of-computer-science-4343464081?position=21&pageNum=0&refId=j55vrSCwoNZsp4Dg9jYBZA%3D%3D&trackingId=5pEvU4DJGcwR0bSa6ySahg%3D%3D,LinkedIn,data scientist,2026-03-12 00:00:07,Data Scientist,Mid-Level,,Not specified
Data & Applied Scientist Ii,Microsoft,"Dublin, County Dublin, Ireland",Not specified,,2026-02-25,https://ie.linkedin.com/jobs/view/data-applied-scientist-ii-at-microsoft-4377826925?position=22&pageNum=0&refId=j55vrSCwoNZsp4Dg9jYBZA%3D%3D&trackingId=vRP%2BMNEkBGAgw7FeWZW%2FUQ%3D%3D,LinkedIn,data scientist,2026-03-12 00:00:07,Data Scientist,Mid-Level,,Not specified
Data Scientist Ii (Nlp) # 014657,Ucd School Of Computer Science,"Dublin 4, County Dublin, Ireland",Not specified,,2025-12-12,https://ie.linkedin.com/jobs/view/data-scientist-ii-nlp-%23-014657-at-ucd-school-of-computer-science-4343474117?position=23&pageNum=0&refId=j55vrSCwoNZsp4Dg9jYBZA%3D%3D&trackingId=pQNygYYvtmA4Uub5D3qiTQ%3D%3D,LinkedIn,data scientist,2026-03-12 00:00:07,Data Scientist,Mid-Level,,Not specified
Data Scientist Ii (Nlp) # 014741,Ucd School Of Computer Science,"Dublin 4, County Dublin, Ireland",Not specified,,2025-12-12,https://ie.linkedin.com/jobs/view/data-scientist-ii-nlp-%23-014741-at-ucd-school-of-computer-science-4343522550?position=24&pageNum=0&refId=j55vrSCwoNZsp4Dg9jYBZA%3D%3D&trackingId=c6o%2FcZS3tRWjkrNg57iz5A%3D%3D,LinkedIn,data scientist,2026-03-12 00:00:07,Data Scientist,Mid-Level,,Not specified
Data Scientist,Abbott,"Kilkenny, County Kilkenny, Ireland",Not specified,,2026-02-17,https://ie.linkedin.com/jobs/view/data-scientist-at-abbott-4371086299?position=25&pageNum=0&refId=j55vrSCwoNZsp4Dg9jYBZA%3D%3D&trackingId=rKdTPMIVlbyb4vB1ViHGKQ%3D%3D,LinkedIn,data scientist,2026-03-12 00:00:07,Data Scientist,Mid-Level,,Not specified
Software Engineer - Apps,Cisco,"Galway, County Galway, Ireland",Not specified,,2026-02-19,https://ie.linkedin.com/jobs/view/software-engineer-apps-at-cisco-4366798808?position=26&pageNum=0&refId=j55vrSCwoNZsp4Dg9jYBZA%3D%3D&trackingId=TgdBhleVBB1Kzed4mBaIPw%3D%3D,LinkedIn,data scientist,2026-03-12 00:00:07,Data Engineer,Mid-Level,,Not specified
Senior Data Scientist,Ninedots.Io,"Dublin, County Dublin, Ireland",Not specified,,2026-02-23,https://ie.linkedin.com/jobs/view/senior-data-scientist-at-ninedots-io-4374291281?position=27&pageNum=0&refId=j55vrSCwoNZsp4Dg9jYBZA%3D%3D&trackingId=JO5%2BxGp6zYgQHBmSoB5hgg%3D%3D,LinkedIn,data scientist,2026-03-12 00:00:07,Data Scientist,Senior,,Not specified
Cvs Engineer (M/F/D),Orise,"Blanchardstown, Fingal, Ireland",Not specified,,2026-03-10,https://ie.linkedin.com/jobs/view/cvs-engineer-m-f-d-at-orise-4382426086?position=28&pageNum=0&refId=j55vrSCwoNZsp4Dg9jYBZA%3D%3D&trackingId=RgMlk1R%2FK%2FV1iIzN8LQxeQ%3D%3D,LinkedIn,data scientist,2026-03-12 00:00:07,Data Engineer,Mid-Level,,Not specified
Principal Researcher,Ei Electronics,"Shannon, County Clare, Ireland",Not specified,,2026-03-10,https://ie.linkedin.com/jobs/view/principal-researcher-at-ei-electronics-4382454028?position=29&pageNum=0&refId=j55vrSCwoNZsp4Dg9jYBZA%3D%3D&trackingId=I0B6vRkcpQYxtn%2FoWkUYdQ%3D%3D,LinkedIn,data scientist,2026-03-12 00:00:07,Other,Senior,,Not specified
Senior Data Scientist (Ai Engineering Focus),Ninedots.Io,"Dublin, County Dublin, Ireland",Not specified,,2026-02-25,https://ie.linkedin.com/jobs/view/senior-data-scientist-ai-engineering-focus-at-ninedots-io-4375215526?position=31&pageNum=0&refId=j55vrSCwoNZsp4Dg9jYBZA%3D%3D&trackingId=tA%2F7Md1gnmgL9jIGa0k7TA%3D%3D,LinkedIn,data scientist,2026-03-12 00:00:07,Data Scientist,Senior,,Not specified
Edih Data Scientist (X 2 Posts) - Competition # 016530,Ucd School Of Computer Science,"Dublin 4, County Dublin, Ireland",Not specified,,2025-12-12,https://ie.linkedin.com/jobs/view/edih-data-scientist-x-2-posts-competition-%23-016530-at-ucd-school-of-computer-science-4343513580?position=32&pageNum=0&refId=j55vrSCwoNZsp4Dg9jYBZA%3D%3D&trackingId=em6ZCCY30ci20AYwOvrWCA%3D%3D,LinkedIn,data scientist,2026-03-12 00:00:07,Data Scientist,Mid-Level,,Not specified
Senior Machine Learning Engineer,Enso Recruitment,"Dublin, County Dublin, Ireland",Not specified,,2026-03-11,https://ie.linkedin.com/jobs/view/senior-machine-learning-engineer-at-enso-recruitment-4384149870?position=33&pageNum=0&refId=j55vrSCwoNZsp4Dg9jYBZA%3D%3D&trackingId=0%2F1zCojkLWyiN3c7ENsiEg%3D%3D,LinkedIn,data scientist,2026-03-12 00:00:07,Data Engineer,Senior,,Not specified
Ai / Data Scientist (M/F/*),Solventum,"County Dublin, Ireland",Not specified,,2026-02-28,https://ie.linkedin.com/jobs/view/ai-data-scientist-m-f-at-solventum-4304425855?position=34&pageNum=0&refId=j55vrSCwoNZsp4Dg9jYBZA%3D%3D&trackingId=4Pz%2B02q5uHfg9HdNzGIkVQ%3D%3D,LinkedIn,data scientist,2026-03-12 00:00:07,Data Scientist,Mid-Level,,Not specified
Senior Data Scientist - Ml From Scratch,Archer Recruitment,"Dublin, County Dublin, Ireland",Not specified,,2026-03-05,https://ie.linkedin.com/jobs/view/senior-data-scientist-ml-from-scratch-at-archer-recruitment-4381453758?position=35&pageNum=0&refId=j55vrSCwoNZsp4Dg9jYBZA%3D%3D&trackingId=Yu2kShOL5bNwvHhzzboZUQ%3D%3D,LinkedIn,data scientist,2026-03-12 00:00:07,Data Scientist,Senior,,Not specified
Technical Lead Ml Platform,Ninedots.Io,"Dublin, County Dublin, Ireland",Not specified,,2026-02-24,https://ie.linkedin.com/jobs/view/technical-lead-ml-platform-at-ninedots-io-4374594565?position=36&pageNum=0&refId=j55vrSCwoNZsp4Dg9jYBZA%3D%3D&trackingId=R3cQe1lWfr0DKcfPSsVDFA%3D%3D,LinkedIn,data scientist,2026-03-12 00:00:07,Other,Senior,,Not specified
Senior Data Scientist – Ai & Ml Innovation,Archer Recruitment,"Dublin, County Dublin, Ireland",Not specified,,2026-03-11,https://ie.linkedin.com/jobs/view/senior-data-scientist-%E2%80%93-ai-ml-innovation-at-archer-recruitment-4384338779?position=37&pageNum=0&refId=j55vrSCwoNZsp4Dg9jYBZA%3D%3D&trackingId=VJ5UEX2%2BKZHaQkDwUmtDEA%3D%3D,LinkedIn,data scientist,2026-03-12 00:00:07,Data Scientist,Senior,,Not specified
Founding Ai Data Scientist,Grand,"Dublin, County Dublin, Ireland",Not specified,,2026-02-28,https://ie.linkedin.com/jobs/view/founding-ai-data-scientist-at-grand-4379519594?position=38&pageNum=0&refId=j55vrSCwoNZsp4Dg9jYBZA%3D%3D&trackingId=fEMI1rk%2FdCnjXJt6QwqZIg%3D%3D,LinkedIn,data scientist,2026-03-12 00:00:07,Data Scientist,Mid-Level,,Not specified
Marketing Data Scientist,Ancestry,"Dublin, County Dublin, Ireland",Not specified,,2026-02-27,https://ie.linkedin.com/jobs/view/marketing-data-scientist-at-ancestry-4363542071?position=39&pageNum=0&refId=j55vrSCwoNZsp4Dg9jYBZA%3D%3D&trackingId=jMlNJ2bTtaVSEzQDvsi%2FkQ%3D%3D,LinkedIn,data scientist,2026-03-12 00:00:07,Data Scientist,Mid-Level,,Not specified
Machine Learning Engineer - Recommendation Systems,Sony Interactive Entertainment,"Dublin, County Dublin, Ireland",Not specified,,2026-02-20,https://ie.linkedin.com/jobs/view/machine-learning-engineer-recommendation-systems-at-sony-interactive-entertainment-4352051469?position=40&pageNum=0&refId=j55vrSCwoNZsp4Dg9jYBZA%3D%3D&trackingId=ZDsuYD8%2F7Qu1R5Kb2rZV0A%3D%3D,LinkedIn,data scientist,2026-03-12 00:00:07,Data Engineer,Mid-Level,,Not specified
Staff Data Scientist,Linear Search,"Dublin, County Dublin, Ireland",Not specified,,2026-03-05,https://ie.linkedin.com/jobs/view/staff-data-scientist-at-linear-search-4381451066?position=41&pageNum=0&refId=j55vrSCwoNZsp4Dg9jYBZA%3D%3D&trackingId=cRvCk9TBWzp850H1BHDt5g%3D%3D,LinkedIn,data scientist,2026-03-12 00:00:07,Data Scientist,Senior,,Not specified
"Marketing Data Scientist, Logitech For Business",Logitech,"Cork, County Cork, Ireland",Not specified,,2026-03-11,https://ie.linkedin.com/jobs/view/marketing-data-scientist-logitech-for-business-at-logitech-4373994337?position=42&pageNum=0&refId=j55vrSCwoNZsp4Dg9jYBZA%3D%3D&trackingId=I1v%2BQYx3MTjC5xbDPCdj2A%3D%3D,LinkedIn,data scientist,2026-03-12 00:00:07,Data Scientist,Mid-Level,,Not specified
Principal Data Scientist,Jobgether,Ireland,Not specified,,2026-03-11,https://ie.linkedin.com/jobs/view/principal-data-scientist-at-jobgether-4384187002?position=43&pageNum=0&refId=j55vrSCwoNZsp4Dg9jYBZA%3D%3D&trackingId=Xhs3ngGs5hHKFG%2F5%2B%2BRwWA%3D%3D,LinkedIn,data scientist,2026-03-12 00:00:07,Data Scientist,Senior,,Not specified
Machine Learning Engineer (Applied Ml),Adaption,"Dublin, County Dublin, Ireland",Not specified,,2026-01-19,https://ie.linkedin.com/jobs/view/machine-learning-engineer-applied-ml-at-adaption-4353864387?position=44&pageNum=0&refId=j55vrSCwoNZsp4Dg9jYBZA%3D%3D&trackingId=xFR4%2BG1KyI33PQsOE4PydA%3D%3D,LinkedIn,data scientist,2026-03-12 00:00:07,Data Engineer,Mid-Level,,Not specified
Data Scientist Ii # 013965,Ucd School Of Computer Science,"Dublin 4, County Dublin, Ireland",Not specified,,2025-12-12,https://ie.linkedin.com/jobs/view/data-scientist-ii-%23-013965-at-ucd-school-of-computer-science-4343344773?position=45&pageNum=0&refId=j55vrSCwoNZsp4Dg9jYBZA%3D%3D&trackingId=9wqlELIFBVn41dOOO5cvvQ%3D%3D,LinkedIn,data scientist,2026-03-12 00:00:07,Data Scientist,Mid-Level,,Not specified
Data Scientist,F5,"Dublin, County Dublin, Ireland",Not specified,,2026-03-10,https://ie.linkedin.com/jobs/view/data-scientist-at-f5-4366348701?position=46&pageNum=0&refId=j55vrSCwoNZsp4Dg9jYBZA%3D%3D&trackingId=3AJqU4Ujy0eVkMtN59UVVA%3D%3D,LinkedIn,data scientist,2026-03-12 00:00:07,Data Scientist,Mid-Level,,Not specified
Machine Learning Engineer,Alignerr,"Dublin, County Dublin, Ireland",Not specified,,2026-03-11,https://ie.linkedin.com/jobs/view/machine-learning-engineer-at-alignerr-4384123243?position=47&pageNum=0&refId=j55vrSCwoNZsp4Dg9jYBZA%3D%3D&trackingId=GTLHZgL2VbDDz3sQ1y9nfQ%3D%3D,LinkedIn,data scientist,2026-03-12 00:00:07,Data Engineer,Mid-Level,,Not specified
Senior Data Scientist - Applied Machine Learning,Nory,"Dublin, County Dublin, Ireland",Not specified,,2026-02-25,https://ie.linkedin.com/jobs/view/senior-data-scientist-applied-machine-learning-at-nory-4378025071?position=50&pageNum=0&refId=j55vrSCwoNZsp4Dg9jYBZA%3D%3D&trackingId=t0eNVqbuvgRzN6MkF90XjA%3D%3D,LinkedIn,data scientist,2026-03-12 00:00:07,Data Scientist,Senior,,Not specified
Principal Data Scientist,Ninedots.Io,"Dublin, County Dublin, Ireland",Not specified,,2026-02-25,https://ie.linkedin.com/jobs/view/principal-data-scientist-at-ninedots-io-4375218381?position=51&pageNum=0&refId=j55vrSCwoNZsp4Dg9jYBZA%3D%3D&trackingId=C1CWd%2Fjg%2BLnAjfmdUS2cOg%3D%3D,LinkedIn,data scientist,2026-03-12 00:00:07,Data Scientist,Senior,,Not specified
Data Scientist (Masters),Alignerr,Ireland,Not specified,,2026-03-10,https://ie.linkedin.com/jobs/view/data-scientist-masters-at-alignerr-4383469497?position=52&pageNum=0&refId=j55vrSCwoNZsp4Dg9jYBZA%3D%3D&trackingId=%2Bz9vDnzimTIHgERrCILpJQ%3D%3D,LinkedIn,data scientist,2026-03-12 00:00:07,Data Scientist,Mid-Level,,Not specified
Applied Ai Lead,Revolut,Greater Dublin,Not specified,,2026-02-20,https://ie.linkedin.com/jobs/view/applied-ai-lead-at-revolut-4331082688?position=53&pageNum=0&refId=j55vrSCwoNZsp4Dg9jYBZA%3D%3D&trackingId=Zrh2lltWD0hUbZKmAhXhfQ%3D%3D,LinkedIn,data scientist,2026-03-12 00:00:07,Other,Senior,,Not specified
"Research Scientist, Ucd School Of Computer Science",Ucd School Of Computer Science,"Dublin 4, County Dublin, Ireland",Not specified,,2025-12-12,https://ie.linkedin.com/jobs/view/research-scientist-ucd-school-of-computer-science-at-ucd-school-of-computer-science-4343354653?position=54&pageNum=0&refId=j55vrSCwoNZsp4Dg9jYBZA%3D%3D&trackingId=xwE6LWWuhCt95et0W%2BBJig%3D%3D,LinkedIn,data scientist,2026-03-12 00:00:07,Data Scientist,Mid-Level,,Not specified
Software Engineer,Fanatics,Ireland,Not specified,,2026-02-20,https://ie.linkedin.com/jobs/view/software-engineer-at-fanatics-4375682638?position=55&pageNum=0&refId=j55vrSCwoNZsp4Dg9jYBZA%3D%3D&trackingId=wFQSh0vxraPnjUU6u7Suwg%3D%3D,LinkedIn,data scientist,2026-03-12 00:00:07,Data Engineer,Mid-Level,,Not specified
Data Scientist – Commercial,Musgrave,"Cork, County Cork, Ireland",Not specified,,2026-03-05,https://ie.linkedin.com/jobs/view/data-scientist-%E2%80%93-commercial-at-musgrave-4380490537?position=56&pageNum=0&refId=j55vrSCwoNZsp4Dg9jYBZA%3D%3D&trackingId=74HYL9%2BynIkTJ5nwva7%2FEw%3D%3D,LinkedIn,data scientist,2026-03-12 00:00:07,Data Scientist,Mid-Level,,Not specified
"Data Scientist, Genai",Aig,"Dublin, County Dublin, Ireland",Not specified,,2026-03-09,https://ie.linkedin.com/jobs/view/data-scientist-genai-at-aig-4368249823?position=57&pageNum=0&refId=j55vrSCwoNZsp4Dg9jYBZA%3D%3D&trackingId=BYf9uGITjGohdqMu89EIbA%3D%3D,LinkedIn,data scientist,2026-03-12 00:00:07,Data Scientist,Mid-Level,,Not specified
Ceadarconnect Data Scientist Ii # 015466,Ucd School Of Computer Science,"Dublin 4, County Dublin, Ireland",Not specified,,2025-12-12,https://ie.linkedin.com/jobs/view/ceadarconnect-data-scientist-ii-%23-015466-at-ucd-school-of-computer-science-4343424409?position=58&pageNum=0&refId=j55vrSCwoNZsp4Dg9jYBZA%3D%3D&trackingId=oe3Vv%2BlIFoDMrdyBPBJ44A%3D%3D,LinkedIn,data scientist,2026-03-12 00:00:07,Data Scientist,Mid-Level,,Not specified
Software Engineer,Lexisnexis Risk Solutions,"Dublin, County Dublin, Ireland",Not specified,,2026-03-10,https://ie.linkedin.com/jobs/view/software-engineer-at-lexisnexis-risk-solutions-4382071270?position=59&pageNum=0&refId=j55vrSCwoNZsp4Dg9jYBZA%3D%3D&trackingId=zqy9NhqXrvF3zB%2B8XNPrsg%3D%3D,LinkedIn,data scientist,2026-03-12 00:00:07,Data Engineer,Mid-Level,,Not specified
Senior Research Data Scientist,Ucd School Of Computer Science,"Dublin 4, County Dublin, Ireland",Not specified,,2025-12-12,https://ie.linkedin.com/jobs/view/senior-research-data-scientist-at-ucd-school-of-computer-science-4343414572?position=60&pageNum=0&refId=j55vrSCwoNZsp4Dg9jYBZA%3D%3D&trackingId=eHAwAP2kszWPbHST7Gw3Dw%3D%3D,LinkedIn,data scientist,2026-03-12 00:00:07,Data Scientist,Senior,,Not specified
Senior Data Engineer,Barden,"Cork, County Cork, Ireland",Not specified,,2026-03-10,https://ie.linkedin.com/jobs/view/senior-data-engineer-at-barden-4383795569?position=1&pageNum=0&refId=%2BhoaF1gB4Tt1Qs9mCxv%2FKA%3D%3D&trackingId=RrNXnc3dqkzvVWz1bK%2BduQ%3D%3D,LinkedIn,data engineer,2026-03-12 00:01:20,Data Engineer,Senior,,Not specified
Data Engineer,Temu,Ireland,Not specified,,2026-03-04,https://ie.linkedin.com/jobs/view/data-engineer-at-temu-4379641729?position=2&pageNum=0&refId=%2BhoaF1gB4Tt1Qs9mCxv%2FKA%3D%3D&trackingId=UYb56i861MKJ1tAw58rQQQ%3D%3D,LinkedIn,data engineer,2026-03-12 00:01:20,Data Engineer,Mid-Level,,Not specified
"Software Engineer, New Grad",Stripe,"Dublin, County Dublin, Ireland",Not specified,,2026-02-18,https://ie.linkedin.com/jobs/view/software-engineer-new-grad-at-stripe-4294949931?position=3&pageNum=0&refId=%2BhoaF1gB4Tt1Qs9mCxv%2FKA%3D%3D&trackingId=FxVPv%2FkqG84ixd7uZG393A%3D%3D,LinkedIn,data engineer,2026-03-12 00:01:20,Internship / Graduate,Mid-Level,,Not specified
Data & Bi Engineer,Fruition Group Ireland,"Dublin, County Dublin, Ireland",Not specified,,2026-03-09,https://ie.linkedin.com/jobs/view/data-bi-engineer-at-fruition-group-ireland-4381843965?position=4&pageNum=0&refId=%2BhoaF1gB4Tt1Qs9mCxv%2FKA%3D%3D&trackingId=UQtmUpfddvi7%2BRqsDTjFJA%3D%3D,LinkedIn,data engineer,2026-03-12 00:01:20,Data Engineer,Mid-Level,,Not specified
Data Engineer,Korn Ferry,"Waterford, County Waterford, Ireland",Not specified,,2026-03-03,https://ie.linkedin.com/jobs/view/data-engineer-at-korn-ferry-4380360607?position=5&pageNum=0&refId=%2BhoaF1gB4Tt1Qs9mCxv%2FKA%3D%3D&trackingId=g0%2BloEX3OMglixhzKvKV2A%3D%3D,LinkedIn,data engineer,2026-03-12 00:01:20,Data Engineer,Mid-Level,,Not specified
Senior Data Engineer,Vertex Agility,"Limerick, County Limerick, Ireland",Not specified,,2026-03-10,https://ie.linkedin.com/jobs/view/senior-data-engineer-at-vertex-agility-4382064987?position=6&pageNum=0&refId=%2BhoaF1gB4Tt1Qs9mCxv%2FKA%3D%3D&trackingId=8hffOvTfAIxen8E9DZ3qCQ%3D%3D,LinkedIn,data engineer,2026-03-12 00:01:20,Data Engineer,Senior,,Not specified
Freelance Data Science Engineer (Python & Sql),Mindrift,Ireland,Not specified,,2026-03-09,https://ie.linkedin.com/jobs/view/freelance-data-science-engineer-python-sql-at-mindrift-4382957468?position=9&pageNum=0&refId=%2BhoaF1gB4Tt1Qs9mCxv%2FKA%3D%3D&trackingId=bsNteZRqRKwC%2BMxRDAnjiw%3D%3D,LinkedIn,data engineer,2026-03-12 00:01:20,Data Scientist,Mid-Level,,Not specified
Junior Data Engineer - Databricks,The Citco Group Limited,"Dublin, County Dublin, Ireland",Not specified,,2026-01-20,https://ie.linkedin.com/jobs/view/junior-data-engineer-databricks-at-the-citco-group-limited-4354094146?position=12&pageNum=0&refId=%2BhoaF1gB4Tt1Qs9mCxv%2FKA%3D%3D&trackingId=53e2ijLC9aasS6StInJ79g%3D%3D,LinkedIn,data engineer,2026-03-12 00:01:20,Data Engineer,Junior / Entry,,Not specified
Data Engineer With Python & Sql,Methodius It Recruitment,"Letterkenny, County Donegal, Ireland",Not specified,,2026-03-11,https://ie.linkedin.com/jobs/view/data-engineer-with-python-sql-at-methodius-it-recruitment-4380548099?position=13&pageNum=0&refId=%2BhoaF1gB4Tt1Qs9mCxv%2FKA%3D%3D&trackingId=%2ByixYDPk6HGINzNHpgT38Q%3D%3D,LinkedIn,data engineer,2026-03-12 00:01:20,Data Engineer,Mid-Level,,Not specified
Senior Data Engineer,Manna Air Delivery,"Dublin, County Dublin, Ireland",Not specified,,2026-02-06,https://ie.linkedin.com/jobs/view/senior-data-engineer-at-manna-air-delivery-4369901696?position=14&pageNum=0&refId=%2BhoaF1gB4Tt1Qs9mCxv%2FKA%3D%3D&trackingId=4WNXhpeVxRiLHcB2NbjqfQ%3D%3D,LinkedIn,data engineer,2026-03-12 00:01:20,Data Engineer,Senior,,Not specified
Senior Data Engineer,Srg,"Wexford, County Wexford, Ireland",Not specified,,2026-03-07,https://ie.linkedin.com/jobs/view/senior-data-engineer-at-srg-4382371727?position=15&pageNum=0&refId=%2BhoaF1gB4Tt1Qs9mCxv%2FKA%3D%3D&trackingId=mzn7LzYaCoQX1dl4%2FNHnBg%3D%3D,LinkedIn,data engineer,2026-03-12 00:01:20,Data Engineer,Senior,,Not specified
Senior Data Engineer,Stelfox Tech Recruitment,"Dublin, County Dublin, Ireland",Not specified,,2026-03-10,https://ie.linkedin.com/jobs/view/senior-data-engineer-at-stelfox-tech-recruitment-4383755381?position=16&pageNum=0&refId=%2BhoaF1gB4Tt1Qs9mCxv%2FKA%3D%3D&trackingId=Lm%2BpyzlbjNRWu1v1e%2F1N6Q%3D%3D,LinkedIn,data engineer,2026-03-12 00:01:20,Data Engineer,Senior,,Not specified
Senior Data Engineer,Rithum,Ireland,Not specified,,2026-03-09,https://ie.linkedin.com/jobs/view/senior-data-engineer-at-rithum-4302041750?position=17&pageNum=0&refId=%2BhoaF1gB4Tt1Qs9mCxv%2FKA%3D%3D&trackingId=QQ35i%2BZjO9d0TY7JFUDPvg%3D%3D,LinkedIn,data engineer,2026-03-12 00:01:20,Data Engineer,Senior,,Not specified
Data Engineer,Flywheel,"Dublin, County Dublin, Ireland",Not specified,,2026-02-20,https://ie.linkedin.com/jobs/view/data-engineer-at-flywheel-4338953796?position=18&pageNum=0&refId=%2BhoaF1gB4Tt1Qs9mCxv%2FKA%3D%3D&trackingId=HcANZ0YsAdJ%2FSaDO8ZGfVQ%3D%3D,LinkedIn,data engineer,2026-03-12 00:01:20,Data Engineer,Mid-Level,,Not specified
Data Engineer,Deel,Ireland,Not specified,,2026-03-05,https://ie.linkedin.com/jobs/view/data-engineer-at-deel-4362077138?position=19&pageNum=0&refId=%2BhoaF1gB4Tt1Qs9mCxv%2FKA%3D%3D&trackingId=HCDdzoGud2wL81XU%2FcqkfA%3D%3D,LinkedIn,data engineer,2026-03-12 00:01:20,Data Engineer,Mid-Level,,Not specified
Analytics Engineer,Oraion,Ireland,Not specified,,2026-01-29,https://ie.linkedin.com/jobs/view/analytics-engineer-at-oraion-4356447204?position=20&pageNum=0&refId=%2BhoaF1gB4Tt1Qs9mCxv%2FKA%3D%3D&trackingId=kRFwYHDLGnlhpj0IzzS52w%3D%3D,LinkedIn,data engineer,2026-03-12 00:01:20,Data Engineer,Mid-Level,,Not specified
Data Engineer,Jpmorganchase,"Dublin, County Dublin, Ireland",Not specified,,2026-03-04,https://ie.linkedin.com/jobs/view/data-engineer-at-jpmorganchase-4371005209?position=22&pageNum=0&refId=%2BhoaF1gB4Tt1Qs9mCxv%2FKA%3D%3D&trackingId=VlNk69N2verM3HOT1PDjMA%3D%3D,LinkedIn,data engineer,2026-03-12 00:01:20,Data Engineer,Mid-Level,,Not specified
Bi Data Engineer,Ryanair - Europe'S Favourite Airline,"Dublin, County Dublin, Ireland",Not specified,,2026-02-25,https://ie.linkedin.com/jobs/view/bi-data-engineer-at-ryanair-europe-s-favourite-airline-4316968025?position=24&pageNum=0&refId=%2BhoaF1gB4Tt1Qs9mCxv%2FKA%3D%3D&trackingId=AfsVhY49Ga0Q0aob2ihlIQ%3D%3D,LinkedIn,data engineer,2026-03-12 00:01:20,Data Engineer,Mid-Level,,Not specified
Data Engineer,Photon,"Dublin, County Dublin, Ireland",Not specified,,2026-03-09,https://ie.linkedin.com/jobs/view/data-engineer-at-photon-4381858331?position=25&pageNum=0&refId=%2BhoaF1gB4Tt1Qs9mCxv%2FKA%3D%3D&trackingId=Q85fl3xhd86qRrujpeoN3g%3D%3D,LinkedIn,data engineer,2026-03-12 00:01:20,Data Engineer,Mid-Level,,Not specified
Senior Data Engineer,Brightwater Recruitment,"Dublin, County Dublin, Ireland",Not specified,,2026-02-24,https://ie.linkedin.com/jobs/view/senior-data-engineer-at-brightwater-recruitment-4377196029?position=27&pageNum=0&refId=%2BhoaF1gB4Tt1Qs9mCxv%2FKA%3D%3D&trackingId=Mi%2FHVF0%2BDv%2Bg143kY%2Fzxlg%3D%3D,LinkedIn,data engineer,2026-03-12 00:01:20,Data Engineer,Senior,,Not specified
Senior Software Engineer,Ninedots.Io,Ireland,Not specified,,2026-02-19,https://ie.linkedin.com/jobs/view/senior-software-engineer-at-ninedots-io-4373137074?position=28&pageNum=0&refId=%2BhoaF1gB4Tt1Qs9mCxv%2FKA%3D%3D&trackingId=RVE7tz7%2FASMWL%2BaeT00weg%3D%3D,LinkedIn,data engineer,2026-03-12 00:01:20,Data Engineer,Senior,,Not specified
Graduate Software & Optimisation Engineer,Medmodus,"Dublin, County Dublin, Ireland",Not specified,,2026-03-06,https://ie.linkedin.com/jobs/view/graduate-software-optimisation-engineer-at-medmodus-4380298534?position=29&pageNum=0&refId=%2BhoaF1gB4Tt1Qs9mCxv%2FKA%3D%3D&trackingId=V81xSR3T4Y7BxdlzrQL6hw%3D%3D,LinkedIn,data engineer,2026-03-12 00:01:20,Internship / Graduate,Junior / Entry,,Not specified
Python Data Engineer,Stelfox Tech Recruitment,"Dublin, County Dublin, Ireland",Not specified,,2026-02-25,https://ie.linkedin.com/jobs/view/python-data-engineer-at-stelfox-tech-recruitment-4377854394?position=30&pageNum=0&refId=%2BhoaF1gB4Tt1Qs9mCxv%2FKA%3D%3D&trackingId=UdORH1Fx2sR5e%2BjjqGWfyA%3D%3D,LinkedIn,data engineer,2026-03-12 00:01:20,Data Engineer,Mid-Level,,Not specified
Senior Software Development Engineer,Vitalograph,"Ennis, County Clare, Ireland",Not specified,,2026-03-10,https://ie.linkedin.com/jobs/view/senior-software-development-engineer-at-vitalograph-4383737823?position=31&pageNum=0&refId=%2BhoaF1gB4Tt1Qs9mCxv%2FKA%3D%3D&trackingId=Gozf3SwuUkEUQgrD3ZJ%2BZQ%3D%3D,LinkedIn,data engineer,2026-03-12 00:01:20,Data Engineer,Senior,,Not specified
Data Engineer,Grid Dynamics,"Dublin, County Dublin, Ireland",Not specified,,2026-03-02,https://ie.linkedin.com/jobs/view/data-engineer-at-grid-dynamics-4378844106?position=32&pageNum=0&refId=%2BhoaF1gB4Tt1Qs9mCxv%2FKA%3D%3D&trackingId=D%2FH9fd%2FKofpQLxXf9aEYCw%3D%3D,LinkedIn,data engineer,2026-03-12 00:01:20,Data Engineer,Mid-Level,,Not specified
Data Engineer,Ørsted,"Cork, County Cork, Ireland",Not specified,,2026-03-06,https://ie.linkedin.com/jobs/view/data-engineer-at-%C3%B8rsted-4362041367?position=33&pageNum=0&refId=%2BhoaF1gB4Tt1Qs9mCxv%2FKA%3D%3D&trackingId=Z2oAZ1cI0tr9BR2lnR6UXQ%3D%3D,LinkedIn,data engineer,2026-03-12 00:01:20,Data Engineer,Mid-Level,,Not specified
Data Engineer,Staycity Group,Ireland,Not specified,,2026-02-27,https://ie.linkedin.com/jobs/view/data-engineer-at-staycity-group-4377941452?position=34&pageNum=0&refId=%2BhoaF1gB4Tt1Qs9mCxv%2FKA%3D%3D&trackingId=4D%2F79ulZSnHHSjbaOeXZwQ%3D%3D,LinkedIn,data engineer,2026-03-12 00:01:20,Data Engineer,Mid-Level,,Not specified
Data Engineer (Data & Ai),Nucleo,Greater Dublin,Not specified,,2026-03-09,https://ie.linkedin.com/jobs/view/data-engineer-data-ai-at-nucleo-4383401565?position=35&pageNum=0&refId=%2BhoaF1gB4Tt1Qs9mCxv%2FKA%3D%3D&trackingId=u3SGisD7%2BUmyQeWSgB%2Fyjg%3D%3D,LinkedIn,data engineer,2026-03-12 00:01:20,Data Engineer,Mid-Level,,Not specified
Senior Data Engineer,Photon,"Dublin, County Dublin, Ireland",Not specified,,2026-03-09,https://ie.linkedin.com/jobs/view/senior-data-engineer-at-photon-4381860398?position=36&pageNum=0&refId=%2BhoaF1gB4Tt1Qs9mCxv%2FKA%3D%3D&trackingId=RimTAz4CvObHZH2JWxh3kA%3D%3D,LinkedIn,data engineer,2026-03-12 00:01:20,Data Engineer,Senior,,Not specified
Data Platform Engineer,Oraion,Ireland,Not specified,,2025-12-19,https://ie.linkedin.com/jobs/view/data-platform-engineer-at-oraion-4350076694?position=37&pageNum=0&refId=%2BhoaF1gB4Tt1Qs9mCxv%2FKA%3D%3D&trackingId=OFABOd83B%2FdyLB9ntDem6A%3D%3D,LinkedIn,data engineer,2026-03-12 00:01:20,Data Engineer,Mid-Level,,Not specified
"Senior Software Engineer - New Feature Development, Bonus, Equity And More",Techheads,Ireland,Not specified,,2026-03-10,https://ie.linkedin.com/jobs/view/senior-software-engineer-new-feature-development-bonus-equity-and-more-at-techheads-4383496665?position=38&pageNum=0&refId=%2BhoaF1gB4Tt1Qs9mCxv%2FKA%3D%3D&trackingId=98PshXlz20iXhQ9lfBJDPw%3D%3D,LinkedIn,data engineer,2026-03-12 00:01:20,Data Engineer,Senior,,Not specified
Data & Ai Security Engineer 12Month Contract,Vantage,"Dublin, County Dublin, Ireland",Not specified,,2026-03-05,https://ie.linkedin.com/jobs/view/data-ai-security-engineer-12month-contract-at-vantage-4381486198?position=39&pageNum=0&refId=%2BhoaF1gB4Tt1Qs9mCxv%2FKA%3D%3D&trackingId=jcK%2Bws5Qk1TVu3%2Fu7Q3F8g%3D%3D,LinkedIn,data engineer,2026-03-12 00:01:20,Data Engineer,Mid-Level,,Not specified
Senior Data Engineer (Ai),It Search,"Galway, County Galway, Ireland",Not specified,,2026-02-18,https://ie.linkedin.com/jobs/view/senior-data-engineer-ai-at-it-search-4343165701?position=40&pageNum=0&refId=%2BhoaF1gB4Tt1Qs9mCxv%2FKA%3D%3D&trackingId=yrIYFEv7Ki0xvKW62tJxwQ%3D%3D,LinkedIn,data engineer,2026-03-12 00:01:20,Data Engineer,Senior,,Not specified
Database Engineer,Hero Recruitment,"County Mayo, Ireland",Not specified,,2026-03-03,https://ie.linkedin.com/jobs/view/database-engineer-at-hero-recruitment-4380354636?position=41&pageNum=0&refId=%2BhoaF1gB4Tt1Qs9mCxv%2FKA%3D%3D&trackingId=LXuc8kXp4%2FAELASKXEP4zw%3D%3D,LinkedIn,data engineer,2026-03-12 00:01:20,Data Engineer,Mid-Level,,Not specified
Senior Data Engineer,Kargo,"Dublin, County Dublin, Ireland",Not specified,,2026-02-21,https://ie.linkedin.com/jobs/view/senior-data-engineer-at-kargo-4376319737?position=43&pageNum=0&refId=%2BhoaF1gB4Tt1Qs9mCxv%2FKA%3D%3D&trackingId=2lQe%2BXbEDGOs5pRnswDsxg%3D%3D,LinkedIn,data engineer,2026-03-12 00:01:20,Data Engineer,Senior,,Not specified
Remote Senior Data Engineer (M/F/D),Roompricegenie,Ireland,Not specified,,2026-01-15,https://ie.linkedin.com/jobs/view/remote-senior-data-engineer-m-f-d-at-roompricegenie-4362912140?position=44&pageNum=0&refId=%2BhoaF1gB4Tt1Qs9mCxv%2FKA%3D%3D&trackingId=le8i4wcnZxCwnkFBvwF3rw%3D%3D,LinkedIn,data engineer,2026-03-12 00:01:20,Data Engineer,Senior,,Not specified
Data Security Engineer (Dlp/Governance) | Dublin (1 Day Per Week),Edison Smart®,"Dublin, County Dublin, Ireland",Not specified,,2026-02-27,https://ie.linkedin.com/jobs/view/data-security-engineer-dlp-governance-dublin-1-day-per-week-at-edison-smart%C2%AE-4378759747?position=45&pageNum=0&refId=%2BhoaF1gB4Tt1Qs9mCxv%2FKA%3D%3D&trackingId=Pv1YRVVPwcqVEYZxHpViDA%3D%3D,LinkedIn,data engineer,2026-03-12 00:01:20,Data Engineer,Mid-Level,,Not specified
Senior Software Engineer - Data/Azure,Solas It Recruitment,Ireland,Not specified,,2026-03-11,https://ie.linkedin.com/jobs/view/senior-software-engineer-data-azure-at-solas-it-recruitment-4361101014?position=46&pageNum=0&refId=%2BhoaF1gB4Tt1Qs9mCxv%2FKA%3D%3D&trackingId=uoDOiwRrUX8hPBu7IN3jFA%3D%3D,LinkedIn,data engineer,2026-03-12 00:01:20,Data Engineer,Senior,,Not specified
Systems Engineer - Dublin,Edgeconnex,"Dublin, County Dublin, Ireland",Not specified,,2025-10-28,https://ie.linkedin.com/jobs/view/systems-engineer-dublin-at-edgeconnex-4319206808?position=48&pageNum=0&refId=%2BhoaF1gB4Tt1Qs9mCxv%2FKA%3D%3D&trackingId=W3VxjqZiMXsCuD8e%2B9lwcQ%3D%3D,LinkedIn,data engineer,2026-03-12 00:01:20,Data Engineer,Mid-Level,,Not specified
"Senior Data Warehouse Engineer (Sql Server Database, Ssis, Azure)",Tekenable Ltd,"Dublin, County Dublin, Ireland",Not specified,,2026-01-06,https://ie.linkedin.com/jobs/view/senior-data-warehouse-engineer-sql-server-database-ssis-azure-at-tekenable-ltd-4330406015?position=49&pageNum=0&refId=%2BhoaF1gB4Tt1Qs9mCxv%2FKA%3D%3D&trackingId=Hz5yBFyKfTlvP0t%2BqCbw1A%3D%3D,LinkedIn,data engineer,2026-03-12 00:01:20,Data Engineer,Senior,,Not specified
Data Engineer,Munich Re Automation Solutions,"Dublin, County Dublin, Ireland",Not specified,,2026-02-23,https://ie.linkedin.com/jobs/view/data-engineer-at-munich-re-automation-solutions-4376588343?position=50&pageNum=0&refId=%2BhoaF1gB4Tt1Qs9mCxv%2FKA%3D%3D&trackingId=BldR1t6DR9dbwXJagTJ6qA%3D%3D,LinkedIn,data engineer,2026-03-12 00:01:20,Data Engineer,Mid-Level,,Not specified
Foundational Data Engineer (Worldwide Remote),Helpgrid,Ireland,Not specified,,2026-02-15,https://ie.linkedin.com/jobs/view/foundational-data-engineer-worldwide-remote-at-helpgrid-4364781531?position=51&pageNum=0&refId=%2BhoaF1gB4Tt1Qs9mCxv%2FKA%3D%3D&trackingId=pRw5X1OEMq1Om3H0wa3MIQ%3D%3D,LinkedIn,data engineer,2026-03-12 00:01:20,Data Engineer,Mid-Level,,Not specified
Data Engineer (Pricing & Monetization),Alguna,Ireland,Not specified,,2026-01-20,https://ie.linkedin.com/jobs/view/data-engineer-pricing-monetization-at-alguna-4360457449?position=52&pageNum=0&refId=%2BhoaF1gB4Tt1Qs9mCxv%2FKA%3D%3D&trackingId=0lj2ktMSOKrxmzMjhEZLFw%3D%3D,LinkedIn,data engineer,2026-03-12 00:01:20,Data Engineer,Mid-Level,,Not specified
"Principal Software Engineer – Remote First, Scalable Ai Platforms",Techheads,Ireland,Not specified,,2026-03-10,https://ie.linkedin.com/jobs/view/principal-software-engineer-%E2%80%93-remote-first-scalable-ai-platforms-at-techheads-4383487881?position=54&pageNum=0&refId=%2BhoaF1gB4Tt1Qs9mCxv%2FKA%3D%3D&trackingId=4t69dR0hF%2F3WFPVQ9rF2eQ%3D%3D,LinkedIn,data engineer,2026-03-12 00:01:20,Data Engineer,Senior,,Not specified
Staff Software Development Engineer,Vitalograph,"Ennis, County Clare, Ireland",Not specified,,2026-03-10,https://ie.linkedin.com/jobs/view/staff-software-development-engineer-at-vitalograph-4383737813?position=55&pageNum=0&refId=%2BhoaF1gB4Tt1Qs9mCxv%2FKA%3D%3D&trackingId=VrQXylzEv%2BvhOqlHvR9ryQ%3D%3D,LinkedIn,data engineer,2026-03-12 00:01:20,Data Engineer,Senior,,Not specified
Senior Java Software Engineer,Albany Beck,"Dublin, County Dublin, Ireland",Not specified,,2026-03-10,https://ie.linkedin.com/jobs/view/senior-java-software-engineer-at-albany-beck-4383787355?position=56&pageNum=0&refId=%2BhoaF1gB4Tt1Qs9mCxv%2FKA%3D%3D&trackingId=ONb%2B8mOePq4%2F%2FtDjtEhaEA%3D%3D,LinkedIn,data engineer,2026-03-12 00:01:20,Data Engineer,Senior,,Not specified
Data Engineer,Cityswift,"Galway, County Galway, Ireland",Not specified,,2025-12-17,https://ie.linkedin.com/jobs/view/data-engineer-at-cityswift-4344402584?position=57&pageNum=0&refId=%2BhoaF1gB4Tt1Qs9mCxv%2FKA%3D%3D&trackingId=h4zOE9BOr1hsbNyYatM%2Baw%3D%3D,LinkedIn,data engineer,2026-03-12 00:01:20,Data Engineer,Mid-Level,,Not specified
Data Engineer Ii (Ic3),Yahoo,"Dublin, County Dublin, Ireland",Not specified,,2026-02-23,https://ie.linkedin.com/jobs/view/data-engineer-ii-ic3-at-yahoo-4375723783?position=59&pageNum=0&refId=%2BhoaF1gB4Tt1Qs9mCxv%2FKA%3D%3D&trackingId=mctCI%2B%2BOIaDXCjxXsLfajQ%3D%3D,LinkedIn,data engineer,2026-03-12 00:01:20,Data Engineer,Mid-Level,,Not specified
Senior Database Engineer,E-Solutions,Galway Metropolitan Area,Not specified,,2026-03-05,https://ie.linkedin.com/jobs/view/senior-database-engineer-at-e-solutions-4381416675?position=60&pageNum=0&refId=%2BhoaF1gB4Tt1Qs9mCxv%2FKA%3D%3D&trackingId=92A40wVKpklhF9GAnLTnzw%3D%3D,LinkedIn,data engineer,2026-03-12 00:01:20,Data Engineer,Senior,,Not specified
Revops Bi Analyst,Omnissa,"Cork, County Cork, Ireland",Not specified,,2026-03-04,https://ie.linkedin.com/jobs/view/revops-bi-analyst-at-omnissa-4379689020?position=2&pageNum=0&refId=vFj3hS53FM8hMT3csls4eg%3D%3D&trackingId=amN%2BgnwSedrb3YZTNTTXxg%3D%3D,LinkedIn,business intelligence analyst,2026-03-12 00:02:33,BI / Visualisation,Mid-Level,,Not specified
Revenue Operations Bi Analyst,Omnissa,"Dublin, County Dublin, Ireland",Not specified,,2026-03-04,https://ie.linkedin.com/jobs/view/revenue-operations-bi-analyst-at-omnissa-4379689007?position=3&pageNum=0&refId=vFj3hS53FM8hMT3csls4eg%3D%3D&trackingId=psAO7EfS%2BoqqFgjNhdz1Ag%3D%3D,LinkedIn,business intelligence analyst,2026-03-12 00:02:33,BI / Visualisation,Mid-Level,,Not specified
Business Intelligence Developer,Icon Plc,"Dublin, County Dublin, Ireland",Not specified,,2026-03-11,https://ie.linkedin.com/jobs/view/business-intelligence-developer-at-icon-plc-4382886669?position=4&pageNum=0&refId=vFj3hS53FM8hMT3csls4eg%3D%3D&trackingId=68%2FX4yVH%2BZk4mxGdzR7Buw%3D%3D,LinkedIn,business intelligence analyst,2026-03-12 00:02:33,BI / Visualisation,Mid-Level,,Not specified
Senior Bi Analyst,Tirlán,"Kilkenny, County Kilkenny, Ireland",Not specified,,2026-02-10,https://ie.linkedin.com/jobs/view/senior-bi-analyst-at-tirl%C3%A1n-4371022122?position=6&pageNum=0&refId=vFj3hS53FM8hMT3csls4eg%3D%3D&trackingId=qtg73dinFUmR%2F1WOX7iFag%3D%3D,LinkedIn,business intelligence analyst,2026-03-12 00:02:33,BI / Visualisation,Senior,,Not specified
Business Analyst,Hays,"Dublin, County Dublin, Ireland",Not specified,,2026-03-10,https://ie.linkedin.com/jobs/view/business-analyst-at-hays-4382059237?position=7&pageNum=0&refId=vFj3hS53FM8hMT3csls4eg%3D%3D&trackingId=5iMz8ci17elKXVrsahyQFg%3D%3D,LinkedIn,business intelligence analyst,2026-03-12 00:02:33,Data Analyst,Mid-Level,,Not specified
Business Analyst - Ai,Fruition Group Ireland,"Dublin, County Dublin, Ireland",Not specified,,2026-03-09,https://ie.linkedin.com/jobs/view/business-analyst-ai-at-fruition-group-ireland-4381582331?position=8&pageNum=0&refId=vFj3hS53FM8hMT3csls4eg%3D%3D&trackingId=asslGALZRH2rp75309PDZg%3D%3D,LinkedIn,business intelligence analyst,2026-03-12 00:02:33,Data Analyst,Mid-Level,,Not specified
Business Intelligence Analyst,Mbryonics,"Galway, County Galway, Ireland",Not specified,,2025-12-19,https://ie.linkedin.com/jobs/view/business-intelligence-analyst-at-mbryonics-4344543807?position=9&pageNum=0&refId=vFj3hS53FM8hMT3csls4eg%3D%3D&trackingId=fNNIUoRMFjsqImFXVsWE4g%3D%3D,LinkedIn,business intelligence analyst,2026-03-12 00:02:33,BI / Visualisation,Mid-Level,,Not specified
Digital Business Analyst - Ai & Digital Transformation (Immediate Start),Whiteshield,"Dublin, County Dublin, Ireland",Not specified,,2026-01-29,https://ie.linkedin.com/jobs/view/digital-business-analyst-ai-digital-transformation-immediate-start-at-whiteshield-4367116466?position=11&pageNum=0&refId=vFj3hS53FM8hMT3csls4eg%3D%3D&trackingId=cb9vjRZqX3wPx%2B7UWBO92w%3D%3D,LinkedIn,business intelligence analyst,2026-03-12 00:02:33,Data Analyst,Mid-Level,,Not specified
Revops Bi Analyst,Omnissa,Ireland,Not specified,,2026-02-26,https://ie.linkedin.com/jobs/view/revops-bi-analyst-at-omnissa-4346044125?position=13&pageNum=0&refId=vFj3hS53FM8hMT3csls4eg%3D%3D&trackingId=JkxNReErUzjb1Ou%2FsYfQZQ%3D%3D,LinkedIn,business intelligence analyst,2026-03-12 00:02:33,BI / Visualisation,Mid-Level,,Not specified
Senior Business Analyst,Mars Capital,"Dublin, County Dublin, Ireland",Not specified,,2026-03-03,https://ie.linkedin.com/jobs/view/senior-business-analyst-at-mars-capital-4379190963?position=14&pageNum=0&refId=vFj3hS53FM8hMT3csls4eg%3D%3D&trackingId=jdhhrbhysCgbm8fm8I1rYw%3D%3D,LinkedIn,business intelligence analyst,2026-03-12 00:02:33,Data Analyst,Senior,,Not specified
Senior Business Analyst,Mastercard,"Dublin, County Dublin, Ireland",Not specified,,2026-03-09,https://ie.linkedin.com/jobs/view/senior-business-analyst-at-mastercard-4381775398?position=17&pageNum=0&refId=vFj3hS53FM8hMT3csls4eg%3D%3D&trackingId=c0Nu%2FNC1hkdC%2BPXTNVKB0g%3D%3D,LinkedIn,business intelligence analyst,2026-03-12 00:02:33,Data Analyst,Senior,,Not specified
Business Analyst,Surelogik,"Dublin, County Dublin, Ireland",Not specified,,2026-03-06,https://ie.linkedin.com/jobs/view/business-analyst-at-surelogik-4382123274?position=18&pageNum=0&refId=vFj3hS53FM8hMT3csls4eg%3D%3D&trackingId=8hP9U9XKo3tKIl1bGI4v%2BA%3D%3D,LinkedIn,business intelligence analyst,2026-03-12 00:02:33,Data Analyst,Mid-Level,,Not specified
Business Analyst,Irish Cancer Society,"Dublin 4, County Dublin, Ireland",Not specified,,2026-03-11,https://ie.linkedin.com/jobs/view/business-analyst-at-irish-cancer-society-4382708247?position=19&pageNum=0&refId=vFj3hS53FM8hMT3csls4eg%3D%3D&trackingId=%2FFx0%2BOtMKL5l%2FAZf1avqiQ%3D%3D,LinkedIn,business intelligence analyst,2026-03-12 00:02:33,Data Analyst,Mid-Level,,Not specified
Business Analyst,Sigmar Recruitment,"Dublin, County Dublin, Ireland",Not specified,,2026-03-11,https://ie.linkedin.com/jobs/view/business-analyst-at-sigmar-recruitment-4384170694?position=20&pageNum=0&refId=vFj3hS53FM8hMT3csls4eg%3D%3D&trackingId=oxX108k56taGxhbzPNwYnQ%3D%3D,LinkedIn,business intelligence analyst,2026-03-12 00:02:33,Data Analyst,Mid-Level,,Not specified
Business Analyst,Berkley Group,"Dublin, County Dublin, Ireland",Not specified,,2026-03-11,https://ie.linkedin.com/jobs/view/business-analyst-at-berkley-group-4384339969?position=22&pageNum=0&refId=vFj3hS53FM8hMT3csls4eg%3D%3D&trackingId=0rXfIv9qZDTdBQI2CjG%2F2w%3D%3D,LinkedIn,business intelligence analyst,2026-03-12 00:02:33,Data Analyst,Mid-Level,,Not specified
Business Analyst,The Recruitment Company,"Dublin, County Dublin, Ireland",Not specified,,2026-03-10,https://ie.linkedin.com/jobs/view/business-analyst-at-the-recruitment-company-4382075924?position=23&pageNum=0&refId=vFj3hS53FM8hMT3csls4eg%3D%3D&trackingId=D9AKMx%2F%2F0EtyA%2BHbE%2Fc%2FCw%3D%3D,LinkedIn,business intelligence analyst,2026-03-12 00:02:33,Data Analyst,Mid-Level,,Not specified
Business Analyst - Diageo,Cpm Ireland,"Dublin, County Dublin, Ireland",Not specified,,2026-02-12,https://ie.linkedin.com/jobs/view/business-analyst-diageo-at-cpm-ireland-4383305643?position=24&pageNum=0&refId=vFj3hS53FM8hMT3csls4eg%3D%3D&trackingId=IBOTaMn7MUiJ4uBHu7H6pg%3D%3D,LinkedIn,business intelligence analyst,2026-03-12 00:02:33,Data Analyst,Mid-Level,,Not specified
Business Analyst,Accenture Uk & Ireland,"Dublin, County Dublin, Ireland",Not specified,,2026-03-11,https://ie.linkedin.com/jobs/view/business-analyst-at-accenture-uk-ireland-4373043044?position=25&pageNum=0&refId=vFj3hS53FM8hMT3csls4eg%3D%3D&trackingId=2FAqUH68Ewqea6E9xhC1ug%3D%3D,LinkedIn,business intelligence analyst,2026-03-12 00:02:33,Data Analyst,Mid-Level,,Not specified
Business Analyst,Realtime Recruitment,"Dublin, County Dublin, Ireland",Not specified,,2026-02-11,https://ie.linkedin.com/jobs/view/business-analyst-at-realtime-recruitment-4371297036?position=26&pageNum=0&refId=vFj3hS53FM8hMT3csls4eg%3D%3D&trackingId=EjMuD6%2B6w78mef7s0sn84w%3D%3D,LinkedIn,business intelligence analyst,2026-03-12 00:02:33,Data Analyst,Mid-Level,,Not specified
Business Analyst,Exact It Resources,Greater Dublin,Not specified,,2026-03-07,https://ie.linkedin.com/jobs/view/business-analyst-at-exact-it-resources-4382348117?position=27&pageNum=0&refId=vFj3hS53FM8hMT3csls4eg%3D%3D&trackingId=Xh9zym9BnOpTRI5hwDY7%2FA%3D%3D,LinkedIn,business intelligence analyst,2026-03-12 00:02:33,Data Analyst,Mid-Level,,Not specified
Business Analyst (Time And Absence/Hr),Recruiters,"Dublin, County Dublin, Ireland",Not specified,,2026-03-10,https://ie.linkedin.com/jobs/view/business-analyst-time-and-absence-hr-at-recruiters-4382074669?position=28&pageNum=0&refId=vFj3hS53FM8hMT3csls4eg%3D%3D&trackingId=CPVOTsnxghPxvZ6qhVVzYQ%3D%3D,LinkedIn,business intelligence analyst,2026-03-12 00:02:33,Data Analyst,Mid-Level,,Not specified
Senior Business Analyst (Rpa),Hcltech,"Dublin, County Dublin, Ireland",Not specified,,2026-02-11,https://ie.linkedin.com/jobs/view/senior-business-analyst-rpa-at-hcltech-4371438890?position=29&pageNum=0&refId=vFj3hS53FM8hMT3csls4eg%3D%3D&trackingId=31BhYJkq4TJnPwxe3Ka7JA%3D%3D,LinkedIn,business intelligence analyst,2026-03-12 00:02:33,Data Analyst,Senior,,Not specified
Business Analyst,Qualient Technology Solutions Uk Limited,"Dublin, County Dublin, Ireland",Not specified,,2026-02-26,https://ie.linkedin.com/jobs/view/business-analyst-at-qualient-technology-solutions-uk-limited-4377239819?position=30&pageNum=0&refId=vFj3hS53FM8hMT3csls4eg%3D%3D&trackingId=AYlFN5YXg3QotAfBCuvNBw%3D%3D,LinkedIn,business intelligence analyst,2026-03-12 00:02:33,Data Analyst,Mid-Level,,Not specified
Senior Business Analyst,Accenture Uk & Ireland,"Dublin, County Dublin, Ireland",Not specified,,2026-02-28,https://ie.linkedin.com/jobs/view/senior-business-analyst-at-accenture-uk-ireland-4367292826?position=31&pageNum=0&refId=vFj3hS53FM8hMT3csls4eg%3D%3D&trackingId=Bo8OxkvU7wrJWjIBqG50XA%3D%3D,LinkedIn,business intelligence analyst,2026-03-12 00:02:33,Data Analyst,Senior,,Not specified
Business Analyst,Godfrey North,"Dublin, County Dublin, Ireland",Not specified,,2026-03-06,https://ie.linkedin.com/jobs/view/business-analyst-at-godfrey-north-4380280081?position=32&pageNum=0&refId=vFj3hS53FM8hMT3csls4eg%3D%3D&trackingId=UfPGsR0TtUJiTz2BXBG3TQ%3D%3D,LinkedIn,business intelligence analyst,2026-03-12 00:02:33,Data Analyst,Mid-Level,,Not specified
Lead Business Analyst,Db Recruitment,"Dublin, County Dublin, Ireland",Not specified,,2026-03-05,https://ie.linkedin.com/jobs/view/lead-business-analyst-at-db-recruitment-4379847804?position=33&pageNum=0&refId=vFj3hS53FM8hMT3csls4eg%3D%3D&trackingId=g5nkKDz975DC3BrRP6ulUA%3D%3D,LinkedIn,business intelligence analyst,2026-03-12 00:02:33,Data Analyst,Senior,,Not specified
Technical Business Analyst,Onebridge,"Dublin, County Dublin, Ireland",Not specified,,2026-03-03,https://ie.linkedin.com/jobs/view/technical-business-analyst-at-onebridge-4380361323?position=34&pageNum=0&refId=vFj3hS53FM8hMT3csls4eg%3D%3D&trackingId=BxPjuPcx9LyYspOAjRSIHQ%3D%3D,LinkedIn,business intelligence analyst,2026-03-12 00:02:33,Data Analyst,Mid-Level,,Not specified
Senior Business Analyst,Pwc Ireland,"Dublin, County Dublin, Ireland",Not specified,,2026-02-18,https://ie.linkedin.com/jobs/view/senior-business-analyst-at-pwc-ireland-4338859186?position=35&pageNum=0&refId=vFj3hS53FM8hMT3csls4eg%3D%3D&trackingId=%2FxjfrSIoInuaLswzFVZdFQ%3D%3D,LinkedIn,business intelligence analyst,2026-03-12 00:02:33,Data Analyst,Senior,,Not specified
Business Analyst It,Kennco,"Rathfarnham, County Dublin, Ireland",Not specified,,2026-02-19,https://ie.linkedin.com/jobs/view/business-analyst-it-at-kennco-4373670703?position=36&pageNum=0&refId=vFj3hS53FM8hMT3csls4eg%3D%3D&trackingId=fYno2UhHTHzQSg%2BRyJ8PAQ%3D%3D,LinkedIn,business intelligence analyst,2026-03-12 00:02:33,Data Analyst,Mid-Level,,Not specified
Technical Business Analyst - 2026 - Ireland,Acturis Limited,Greater Dublin,Not specified,,2026-03-09,https://ie.linkedin.com/jobs/view/technical-business-analyst-2026-ireland-at-acturis-limited-4383300726?position=37&pageNum=0&refId=vFj3hS53FM8hMT3csls4eg%3D%3D&trackingId=qp0aPVvsl%2FU%2BkeP7o%2BtxZw%3D%3D,LinkedIn,business intelligence analyst,2026-03-12 00:02:33,Data Analyst,Mid-Level,,Not specified
Business Data Analyst - Pm,Cognizant,"Cork, County Cork, Ireland",Not specified,,2026-02-20,https://ie.linkedin.com/jobs/view/business-data-analyst-pm-at-cognizant-4374624832?position=38&pageNum=0&refId=vFj3hS53FM8hMT3csls4eg%3D%3D&trackingId=Fch0A5dG1HDT%2BLcAo8ck1g%3D%3D,LinkedIn,business intelligence analyst,2026-03-12 00:02:33,Data Analyst,Mid-Level,,Not specified
It Business Analyst (Applications),Sabeo,"Dublin, County Dublin, Ireland",Not specified,,2026-02-18,https://ie.linkedin.com/jobs/view/it-business-analyst-applications-at-sabeo-4374766239?position=39&pageNum=0&refId=vFj3hS53FM8hMT3csls4eg%3D%3D&trackingId=htzMcW6Nl%2FLoJCHDBMPBZg%3D%3D,LinkedIn,business intelligence analyst,2026-03-12 00:02:33,Data Analyst,Mid-Level,,Not specified
Business Analyst,Nlb Services,"Dublin, County Dublin, Ireland",Not specified,,2026-03-02,https://ie.linkedin.com/jobs/view/business-analyst-at-nlb-services-4378836329?position=41&pageNum=0&refId=vFj3hS53FM8hMT3csls4eg%3D%3D&trackingId=W7I7Tv2A196rjtN4hhQejg%3D%3D,LinkedIn,business intelligence analyst,2026-03-12 00:02:33,Data Analyst,Mid-Level,,Not specified
Business Analyst,Version 1,"Dublin, County Dublin, Ireland",Not specified,,2026-02-22,https://ie.linkedin.com/jobs/view/business-analyst-at-version-1-4352410750?position=42&pageNum=0&refId=vFj3hS53FM8hMT3csls4eg%3D%3D&trackingId=SzIi7F3mwKhkc06nKtKQkw%3D%3D,LinkedIn,business intelligence analyst,2026-03-12 00:02:33,Data Analyst,Mid-Level,,Not specified
Power Bi Developer,Realtime Recruitment,"Dublin, County Dublin, Ireland",Not specified,,2026-03-02,https://ie.linkedin.com/jobs/view/power-bi-developer-at-realtime-recruitment-4379779310?position=43&pageNum=0&refId=vFj3hS53FM8hMT3csls4eg%3D%3D&trackingId=g14m9Us33%2BZo74divjq5lg%3D%3D,LinkedIn,business intelligence analyst,2026-03-12 00:02:33,BI / Visualisation,Mid-Level,,Not specified
Business Analyst - Cork,Solas It Recruitment,"Mitchelstown, County Cork, Ireland",Not specified,,2026-02-18,https://ie.linkedin.com/jobs/view/business-analyst-cork-at-solas-it-recruitment-4363730390?position=44&pageNum=0&refId=vFj3hS53FM8hMT3csls4eg%3D%3D&trackingId=WMg4pMG9GpIN5o2tkuiCrw%3D%3D,LinkedIn,business intelligence analyst,2026-03-12 00:02:33,Data Analyst,Mid-Level,,Not specified
Senior Business Analyst - Digital Transformation,It Search,"Dublin, County Dublin, Ireland",Not specified,,2026-02-18,https://ie.linkedin.com/jobs/view/senior-business-analyst-digital-transformation-at-it-search-4375015211?position=45&pageNum=0&refId=vFj3hS53FM8hMT3csls4eg%3D%3D&trackingId=nmhKvWa7qoO2s%2BYg4wtmxA%3D%3D,LinkedIn,business intelligence analyst,2026-03-12 00:02:33,Data Analyst,Senior,,Not specified
Business Analyst,First Point Group,"Dublin, County Dublin, Ireland",Not specified,,2026-03-05,https://ie.linkedin.com/jobs/view/business-analyst-at-first-point-group-4379870960?position=46&pageNum=0&refId=vFj3hS53FM8hMT3csls4eg%3D%3D&trackingId=orb%2FT1LxMMffxHQUW6tY%2Bw%3D%3D,LinkedIn,business intelligence analyst,2026-03-12 00:02:33,Data Analyst,Mid-Level,,Not specified
Business Analyst Master Data Management,Viatris,Greater Dublin,Not specified,,2026-03-06,https://ie.linkedin.com/jobs/view/business-analyst-master-data-management-at-viatris-4382106799?position=47&pageNum=0&refId=vFj3hS53FM8hMT3csls4eg%3D%3D&trackingId=y1tDTNuTiSf2qDKWmfEDpg%3D%3D,LinkedIn,business intelligence analyst,2026-03-12 00:02:33,Data Analyst,Mid-Level,,Not specified
Senior Business Analyst,First Point Group,"Dublin, County Dublin, Ireland",Not specified,,2026-03-02,https://ie.linkedin.com/jobs/view/senior-business-analyst-at-first-point-group-4377767197?position=48&pageNum=0&refId=vFj3hS53FM8hMT3csls4eg%3D%3D&trackingId=MhlCCqLYjbpSd5Tb8ZV3zQ%3D%3D,LinkedIn,business intelligence analyst,2026-03-12 00:02:33,Data Analyst,Senior,,Not specified
Technical Business Analyst,Davy,"Dublin, County Dublin, Ireland",Not specified,,2026-03-03,https://ie.linkedin.com/jobs/view/technical-business-analyst-at-davy-4376784592?position=49&pageNum=0&refId=vFj3hS53FM8hMT3csls4eg%3D%3D&trackingId=Kxr6R6Pfr3%2FA%2BCRQ2jpd1A%3D%3D,LinkedIn,business intelligence analyst,2026-03-12 00:02:33,Data Analyst,Mid-Level,,Not specified
Business Analyst,E-Frontiers,"Dublin, County Dublin, Ireland",Not specified,,2026-03-06,https://ie.linkedin.com/jobs/view/business-analyst-at-e-frontiers-4381007168?position=50&pageNum=0&refId=vFj3hS53FM8hMT3csls4eg%3D%3D&trackingId=RzRPOEvFvWhtvXV%2FZ%2FaH3A%3D%3D,LinkedIn,business intelligence analyst,2026-03-12 00:02:33,Data Analyst,Mid-Level,,Not specified
"Business Systems Analyst, Marketing",Gitlab,Ireland,Not specified,,2026-03-04,https://ie.linkedin.com/jobs/view/business-systems-analyst-marketing-at-gitlab-4371259151?position=51&pageNum=0&refId=vFj3hS53FM8hMT3csls4eg%3D%3D&trackingId=7pxOE76rMr%2FF2GjNoyMwhA%3D%3D,LinkedIn,business intelligence analyst,2026-03-12 00:02:33,Data Analyst,Mid-Level,,Not specified
"Staff Data Analyst, Acquisition Marketing",Mongodb,Ireland,Not specified,,2026-02-26,https://ie.linkedin.com/jobs/view/staff-data-analyst-acquisition-marketing-at-mongodb-4378606382?position=52&pageNum=0&refId=vFj3hS53FM8hMT3csls4eg%3D%3D&trackingId=iMSzmpRaOmiJOgnv3LP9bQ%3D%3D,LinkedIn,business intelligence analyst,2026-03-12 00:02:33,Data Analyst,Senior,,Not specified
Calypso - Lead Business Analyst,Photon,"Dublin, County Dublin, Ireland",Not specified,,2026-03-10,https://ie.linkedin.com/jobs/view/calypso-lead-business-analyst-at-photon-4382435359?position=54&pageNum=0&refId=vFj3hS53FM8hMT3csls4eg%3D%3D&trackingId=7gf%2FCWOmfxpE0x4BCdRLmQ%3D%3D,LinkedIn,business intelligence analyst,2026-03-12 00:02:33,Data Analyst,Senior,,Not specified
Business Analyst (Product-Focused),Jobgether,Ireland,Not specified,,2026-03-07,https://ie.linkedin.com/jobs/view/business-analyst-product-focused-at-jobgether-4382317024?position=56&pageNum=0&refId=vFj3hS53FM8hMT3csls4eg%3D%3D&trackingId=SkUpLUOc3k0cRKt%2BKpF9Cw%3D%3D,LinkedIn,business intelligence analyst,2026-03-12 00:02:33,Data Analyst,Mid-Level,,Not specified
Senior Business Analyst,E-Frontiers,"Dublin, County Dublin, Ireland",Not specified,,2026-03-06,https://ie.linkedin.com/jobs/view/senior-business-analyst-at-e-frontiers-4380692932?position=57&pageNum=0&refId=vFj3hS53FM8hMT3csls4eg%3D%3D&trackingId=UJDx3eXf9ArYg%2BOYtItG1w%3D%3D,LinkedIn,business intelligence analyst,2026-03-12 00:02:33,Data Analyst,Senior,,Not specified
Senior Business Analyst,Infoplus Technologies Uk Limited,"Dublin, County Dublin, Ireland",Not specified,,2026-03-09,https://ie.linkedin.com/jobs/view/senior-business-analyst-at-infoplus-technologies-uk-limited-4383313156?position=58&pageNum=0&refId=vFj3hS53FM8hMT3csls4eg%3D%3D&trackingId=TwaVVm2IehhSPAE1BdTQJg%3D%3D,LinkedIn,business intelligence analyst,2026-03-12 00:02:33,Data Analyst,Senior,,Not specified
Information Technology Business Analyst,National Standards Authority Of Ireland,"Dublin, County Dublin, Ireland",Not specified,,2026-03-04,https://ie.linkedin.com/jobs/view/information-technology-business-analyst-at-national-standards-authority-of-ireland-4378923553?position=59&pageNum=0&refId=vFj3hS53FM8hMT3csls4eg%3D%3D&trackingId=VkUi8sLpMrWrBBm6l7cyRA%3D%3D,LinkedIn,business intelligence analyst,2026-03-12 00:02:33,Data Analyst,Mid-Level,,Not specified
Business Analyst,Ryanair - Europe'S Favourite Airline,"Dublin, County Dublin, Ireland",Not specified,,2025-11-10,https://ie.linkedin.com/jobs/view/business-analyst-at-ryanair-europe-s-favourite-airline-4321718085?position=60&pageNum=0&refId=vFj3hS53FM8hMT3csls4eg%3D%3D&trackingId=fx3FPw67DTG976I4wdGrfQ%3D%3D,LinkedIn,business intelligence analyst,2026-03-12 00:02:33,Data Analyst,Mid-Level,,Not specified
Business Analyst Process Mapping,E-Frontiers,"Dublin, County Dublin, Ireland",Not specified,,2026-02-12,https://ie.linkedin.com/jobs/view/business-analyst-process-mapping-at-e-frontiers-4371884632?position=60&pageNum=0&refId=1OidkxJEk2F9QxD43QRhCA%3D%3D&trackingId=LskuFQbULOdO%2BK7ZG7nCtQ%3D%3D,LinkedIn,business intelligence analyst,2026-03-12 00:02:38,Data Analyst,Mid-Level,,Not specified
Intern - Enablement,Diligent,"Galway, County Galway, Ireland",Not specified,,2026-03-09,https://ie.linkedin.com/jobs/view/intern-enablement-at-diligent-4383356535?position=2&pageNum=0&refId=zVCm1JmT4WMlXpiUytlPgQ%3D%3D&trackingId=jE3sQQs8upyaOws7hveBzw%3D%3D,LinkedIn,data analyst internship,2026-03-12 00:03:48,Internship / Graduate,Junior / Entry,,Not specified
Junior Legal Applications Engineer,A&L Goodbody Llp,"Dublin, County Dublin, Ireland",Not specified,,2026-01-21,https://ie.linkedin.com/jobs/view/junior-legal-applications-engineer-at-a-l-goodbody-llp-4365099012?position=3&pageNum=0&refId=zVCm1JmT4WMlXpiUytlPgQ%3D%3D&trackingId=EWHG07pbiO7LAmFnz79VuA%3D%3D,LinkedIn,data analyst internship,2026-03-12 00:03:48,Data Engineer,Junior / Entry,,Not specified
Ai Solutions Intern (Summer 2026),Dropbox,Ireland,Not specified,,2026-02-20,https://ie.linkedin.com/jobs/view/ai-solutions-intern-summer-2026-at-dropbox-4367051374?position=4&pageNum=0&refId=zVCm1JmT4WMlXpiUytlPgQ%3D%3D&trackingId=Xu4ijS%2FUYgh8wjrbjknd%2FA%3D%3D,LinkedIn,data analyst internship,2026-03-12 00:03:48,Internship / Graduate,Junior / Entry,,Not specified
Forward Deployed Engineer – New Graduate,Whippy,"Dublin, County Dublin, Ireland",Not specified,,2026-02-26,https://ie.linkedin.com/jobs/view/forward-deployed-engineer-%E2%80%93-new-graduate-at-whippy-4378635007?position=5&pageNum=0&refId=zVCm1JmT4WMlXpiUytlPgQ%3D%3D&trackingId=MMU1%2F1QVPQPCGCMWT2gjvw%3D%3D,LinkedIn,data analyst internship,2026-03-12 00:03:48,Internship / Graduate,Junior / Entry,,Not specified
Intern (System Verification Group),Cadence,"Cork, County Cork, Ireland",Not specified,,2026-03-11,https://ie.linkedin.com/jobs/view/intern-system-verification-group-at-cadence-4303692872?position=6&pageNum=0&refId=zVCm1JmT4WMlXpiUytlPgQ%3D%3D&trackingId=v6EukkyPB6vuq%2BpI%2FWiVHQ%3D%3D,LinkedIn,data analyst internship,2026-03-12 00:03:48,Internship / Graduate,Junior / Entry,,Not specified
Intern Ssg,Cadence,"Cork, County Cork, Ireland",Not specified,,2026-02-26,https://ie.linkedin.com/jobs/view/intern-ssg-at-cadence-4368751101?position=7&pageNum=0&refId=zVCm1JmT4WMlXpiUytlPgQ%3D%3D&trackingId=s%2F8aWk9pFquXvrlGANVBZg%3D%3D,LinkedIn,data analyst internship,2026-03-12 00:03:48,Internship / Graduate,Junior / Entry,,Not specified
Intern - (System Verification Group),Cadence,"Cork, County Cork, Ireland",Not specified,,2026-02-20,https://ie.linkedin.com/jobs/view/intern-system-verification-group-at-cadence-4304320169?position=8&pageNum=0&refId=zVCm1JmT4WMlXpiUytlPgQ%3D%3D&trackingId=aBAIKUkmemNRSXBeFuVMoA%3D%3D,LinkedIn,data analyst internship,2026-03-12 00:03:48,Internship / Graduate,Junior / Entry,,Not specified
Internship Opportunities 2026,Cadence,Greater Dublin,Not specified,,2026-02-27,https://ie.linkedin.com/jobs/view/internship-opportunities-2026-at-cadence-4250115241?position=9&pageNum=0&refId=zVCm1JmT4WMlXpiUytlPgQ%3D%3D&trackingId=Tq7OgRHXWyBQZaClqPAmYw%3D%3D,LinkedIn,data analyst internship,2026-03-12 00:03:48,Internship / Graduate,Junior / Entry,,Not specified
"Software Engineer New Grad 2025-2026 - Data Infrastructure, Quora (Remote)",Quora,Ireland,Not specified,,2026-02-24,https://ie.linkedin.com/jobs/view/software-engineer-new-grad-2025-2026-data-infrastructure-quora-remote-at-quora-4377076253?position=10&pageNum=0&refId=zVCm1JmT4WMlXpiUytlPgQ%3D%3D&trackingId=JGjwe1UhdSZ8oIds5wQwZg%3D%3D,LinkedIn,data analyst internship,2026-03-12 00:03:48,Internship / Graduate,Mid-Level,,Not specified
"2026 - Women In Tech Summit, Emea",Mongodb,"Dublin, County Dublin, Ireland",Not specified,,2026-02-21,https://ie.linkedin.com/jobs/view/2026-women-in-tech-summit-emea-at-mongodb-4367666437?position=11&pageNum=0&refId=zVCm1JmT4WMlXpiUytlPgQ%3D%3D&trackingId=mgje3sGp1eNcha42YdLDpg%3D%3D,LinkedIn,data analyst internship,2026-03-12 00:03:48,Other,Mid-Level,,Not specified
Systems Development Engineer,Amazon,"Dublin, County Dublin, Ireland",Not specified,,2026-03-11,https://ie.linkedin.com/jobs/view/systems-development-engineer-at-amazon-4384324777?position=12&pageNum=0&refId=zVCm1JmT4WMlXpiUytlPgQ%3D%3D&trackingId=Yi3WrmjWGuCGiIq9Sq8zYA%3D%3D,LinkedIn,data analyst internship,2026-03-12 00:03:48,Data Engineer,Mid-Level,,Not specified
"Systems Development Engineer, Amazon Foundational Security Services",Amazon,"Dublin, County Dublin, Ireland",Not specified,,2026-03-11,https://ie.linkedin.com/jobs/view/systems-development-engineer-amazon-foundational-security-services-at-amazon-4384341212?position=14&pageNum=0&refId=zVCm1JmT4WMlXpiUytlPgQ%3D%3D&trackingId=jkVdDyFBcN3FFNtOCnVFcw%3D%3D,LinkedIn,data analyst internship,2026-03-12 00:03:48,Data Engineer,Mid-Level,,Not specified
"Uki Technology Consulting - Functional Business Analyst, Manager (Salesforce Services)",Ey,"Dublin 2, County Dublin, Ireland",Not specified,,2026-03-07,https://ie.linkedin.com/jobs/view/uki-technology-consulting-functional-business-analyst-manager-salesforce-services-at-ey-4349645863?position=16&pageNum=0&refId=zVCm1JmT4WMlXpiUytlPgQ%3D%3D&trackingId=uReZBK0MqphJHj30HJCDIQ%3D%3D,LinkedIn,data analyst internship,2026-03-12 00:03:48,Data Analyst,Manager / Director,,Not specified
"Systems Development Engineer, Core Network, Esc",Amazon Web Services (Aws),"Dublin, County Dublin, Ireland",Not specified,,2026-02-27,https://ie.linkedin.com/jobs/view/systems-development-engineer-core-network-esc-at-amazon-web-services-aws-4378678852?position=17&pageNum=0&refId=zVCm1JmT4WMlXpiUytlPgQ%3D%3D&trackingId=VCXn23DYVW1JKvNdk2jV8A%3D%3D,LinkedIn,data analyst internship,2026-03-12 00:03:48,Data Engineer,Mid-Level,,Not specified
Software Engineer 2,Mongodb,"Dublin, County Dublin, Ireland",Not specified,,2026-03-11,https://ie.linkedin.com/jobs/view/software-engineer-2-at-mongodb-4374123485?position=18&pageNum=0&refId=zVCm1JmT4WMlXpiUytlPgQ%3D%3D&trackingId=t5Ev5YTY8cp3mU%2BO%2FuNPBA%3D%3D,LinkedIn,data analyst internship,2026-03-12 00:03:48,Data Engineer,Mid-Level,,Not specified
2026 - Formal Methods Research Engineer– Automated Reasoning For Cloud Policies And Configurations - Intern,Huawei Ireland Research Center,"Dublin, County Dublin, Ireland",Not specified,,2026-01-20,https://ie.linkedin.com/jobs/view/2026-formal-methods-research-engineer%E2%80%93-automated-reasoning-for-cloud-policies-and-configurations-intern-at-huawei-ireland-research-center-4362071770?position=19&pageNum=0&refId=zVCm1JmT4WMlXpiUytlPgQ%3D%3D&trackingId=nTSTWgduw03B0Jf3JBIU1Q%3D%3D,LinkedIn,data analyst internship,2026-03-12 00:03:48,Internship / Graduate,Junior / Entry,,Not specified
"Software Development Engineer, Aws Security",Amazon Web Services (Aws),"Dublin, County Dublin, Ireland",Not specified,,2026-02-24,https://ie.linkedin.com/jobs/view/software-development-engineer-aws-security-at-amazon-web-services-aws-4377083476?position=20&pageNum=0&refId=zVCm1JmT4WMlXpiUytlPgQ%3D%3D&trackingId=fO2PSzOn6%2BYppWiPWlOfYw%3D%3D,LinkedIn,data analyst internship,2026-03-12 00:03:48,Data Engineer,Mid-Level,,Not specified
"Software Development Engineer, Amazon Optics",Amazon Web Services (Aws),"Dublin, County Dublin, Ireland",Not specified,,2026-02-19,https://ie.linkedin.com/jobs/view/software-development-engineer-amazon-optics-at-amazon-web-services-aws-4375081753?position=21&pageNum=0&refId=zVCm1JmT4WMlXpiUytlPgQ%3D%3D&trackingId=9OTzLtuJ18WwWfuoP4JDOw%3D%3D,LinkedIn,data analyst internship,2026-03-12 00:03:48,Data Engineer,Mid-Level,,Not specified
Software Engineer Ii,Cadence,"Cork, County Cork, Ireland",Not specified,,2026-03-02,https://ie.linkedin.com/jobs/view/software-engineer-ii-at-cadence-4370433170?position=22&pageNum=0&refId=zVCm1JmT4WMlXpiUytlPgQ%3D%3D&trackingId=lKmtYhupjx5%2FaY7U7fah9A%3D%3D,LinkedIn,data analyst internship,2026-03-12 00:03:48,Data Engineer,Mid-Level,,Not specified
"Software Development Engineer, Aws Security, Software Engineering, Aws Security Operations Centre (Soc)",Amazon Web Services (Aws),"Dublin, County Dublin, Ireland",Not specified,,2026-02-18,https://ie.linkedin.com/jobs/view/software-development-engineer-aws-security-software-engineering-aws-security-operations-centre-soc-at-amazon-web-services-aws-4366682036?position=24&pageNum=0&refId=zVCm1JmT4WMlXpiUytlPgQ%3D%3D&trackingId=r%2BqcWSdbRSmCRCSrWUnSqA%3D%3D,LinkedIn,data analyst internship,2026-03-12 00:03:48,Data Engineer,Mid-Level,,Not specified
"Front-End Development Engineer, Aws Fault Injection Service",Amazon Web Services (Aws),"Dublin, County Dublin, Ireland",Not specified,,2026-03-09,https://ie.linkedin.com/jobs/view/front-end-development-engineer-aws-fault-injection-service-at-amazon-web-services-aws-4383320578?position=25&pageNum=0&refId=zVCm1JmT4WMlXpiUytlPgQ%3D%3D&trackingId=ieQqpH9byDzVQTn%2BcHCstw%3D%3D,LinkedIn,data analyst internship,2026-03-12 00:03:48,Data Engineer,Mid-Level,,Not specified
"Software Development Engineer, Workforce Solutions - Talent Mobility, Workforce Solutions - Talent Mobility",Amazon,"Dublin, County Dublin, Ireland",Not specified,,2026-03-05,https://ie.linkedin.com/jobs/view/software-development-engineer-workforce-solutions-talent-mobility-workforce-solutions-talent-mobility-at-amazon-4365190647?position=26&pageNum=0&refId=zVCm1JmT4WMlXpiUytlPgQ%3D%3D&trackingId=1BBjph5RTDbd4geXOFAcfg%3D%3D,LinkedIn,data analyst internship,2026-03-12 00:03:48,Data Engineer,Mid-Level,,Not specified
Paid Internship - Artificial Intelligence Business Analyst,Gemmo Ai,"Dublin, County Dublin, Ireland",Not specified,,2025-12-23,https://ie.linkedin.com/jobs/view/paid-internship-artificial-intelligence-business-analyst-at-gemmo-ai-4363796277?position=27&pageNum=0&refId=zVCm1JmT4WMlXpiUytlPgQ%3D%3D&trackingId=uXK20R5mQHa6G8uJqiIlow%3D%3D,LinkedIn,data analyst internship,2026-03-12 00:03:48,Internship / Graduate,Junior / Entry,,Not specified
Graduate Talent Scientist,Canonical,"Dublin, County Dublin, Ireland",Not specified,,2026-02-17,https://ie.linkedin.com/jobs/view/graduate-talent-scientist-at-canonical-4373902586?position=1&pageNum=0&refId=FXyAZMOQrvPaxoh7sD1Xww%3D%3D&trackingId=YVgGB5aiYtPaRV%2Fe6nsFKg%3D%3D,LinkedIn,data science internship,2026-03-12 00:05:02,Internship / Graduate,Junior / Entry,,Not specified
Full Stack Engineer (Python/Node.Js),Protex Ai,"County Dublin, Ireland",Not specified,,2026-03-04,https://ie.linkedin.com/jobs/view/full-stack-engineer-python-node-js-at-protex-ai-4375800397?position=5&pageNum=0&refId=FXyAZMOQrvPaxoh7sD1Xww%3D%3D&trackingId=lAipE1%2FYPhLEucE5yZkjyg%3D%3D,LinkedIn,data science internship,2026-03-12 00:05:02,Data Engineer,Mid-Level,,Not specified
"Site Reliability Engineering Intern, Summer 2026 (Dublin, Ireland)",Crusoe,"Dublin, County Dublin, Ireland",Not specified,,2026-02-20,https://ie.linkedin.com/jobs/view/site-reliability-engineering-intern-summer-2026-dublin-ireland-at-crusoe-4367351030?position=7&pageNum=0&refId=FXyAZMOQrvPaxoh7sD1Xww%3D%3D&trackingId=iU7814YgVO%2FsUTtfsx8stA%3D%3D,LinkedIn,data science internship,2026-03-12 00:05:02,Internship / Graduate,Junior / Entry,,Not specified
Quantitative Campus Recruiter,Susquehanna International Group,"Dublin, County Dublin, Ireland",Not specified,,2026-02-28,https://ie.linkedin.com/jobs/view/quantitative-campus-recruiter-at-susquehanna-international-group-4360101710?position=8&pageNum=0&refId=FXyAZMOQrvPaxoh7sD1Xww%3D%3D&trackingId=Z445CKv6cxYH3IZVE%2FlsMg%3D%3D,LinkedIn,data science internship,2026-03-12 00:05:02,Other,Mid-Level,,Not specified
Sustainability Specialist 1,Cook Medical,"Limerick, County Limerick, Ireland",Not specified,,2026-03-11,https://ie.linkedin.com/jobs/view/sustainability-specialist-1-at-cook-medical-4382589033?position=9&pageNum=0&refId=FXyAZMOQrvPaxoh7sD1Xww%3D%3D&trackingId=CWfle%2BM1FJgnWp0cxAvpdA%3D%3D,LinkedIn,data science internship,2026-03-12 00:05:02,Other,Mid-Level,,Not specified
Summer 2026 Intern - Finance Operations Associate (Dublin),Salesforce,"Dublin, County Dublin, Ireland",Not specified,,2026-02-17,https://ie.linkedin.com/jobs/view/summer-2026-intern-finance-operations-associate-dublin-at-salesforce-4374183133?position=13&pageNum=0&refId=FXyAZMOQrvPaxoh7sD1Xww%3D%3D&trackingId=gMyUycbBOLYvP%2BNcaiG%2Bbg%3D%3D,LinkedIn,data science internship,2026-03-12 00:05:02,Internship / Graduate,Junior / Entry,,Not specified
Audit Trail Validation Engineer 1647,Simotech,"Cork, County Cork, Ireland",Not specified,,2026-01-29,https://ie.linkedin.com/jobs/view/audit-trail-validation-engineer-1647-at-simotech-4356576525?position=14&pageNum=0&refId=FXyAZMOQrvPaxoh7sD1Xww%3D%3D&trackingId=4MtHKQkjxD008vDwe99AyQ%3D%3D,LinkedIn,data science internship,2026-03-12 00:05:02,Data Engineer,Mid-Level,,Not specified
Intercompany Supply Chain Buyer Planner,Bio-Techne,"Dublin, County Dublin, Ireland",Not specified,,2026-02-18,https://ie.linkedin.com/jobs/view/intercompany-supply-chain-buyer-planner-at-bio-techne-4366386415?position=15&pageNum=0&refId=FXyAZMOQrvPaxoh7sD1Xww%3D%3D&trackingId=bTbLW4Mb0OZfaOqfAYdZCQ%3D%3D,LinkedIn,data science internship,2026-03-12 00:05:02,Other,Mid-Level,,Not specified
Forward Deployed Engineer – Intern,Whippy,"Dublin, County Dublin, Ireland",Not specified,,2026-03-06,https://ie.linkedin.com/jobs/view/forward-deployed-engineer-%E2%80%93-intern-at-whippy-4381921084?position=16&pageNum=0&refId=FXyAZMOQrvPaxoh7sD1Xww%3D%3D&trackingId=K7HqI1t7Y2XRk5DROkJ8ew%3D%3D,LinkedIn,data science internship,2026-03-12 00:05:02,Internship / Graduate,Junior / Entry,,Not specified
